y_m,eta,chord_m,cl_norm,cl,clmax_limite,cl_norm_sobre_clmax
0.2184,0.0069,9.9671,0.93270,0.62010,1.78280,0.52317
0.6721,0.0211,9.8529,0.93270,0.62010,1.78153,0.52354
1.1478,0.0360,9.7331,0.94670,0.62940,1.78019,0.53180
1.6452,0.0517,9.6078,0.96470,0.64140,1.77877,0.54234
2.1637,0.0680,9.4772,0.98980,0.65810,1.77727,0.55692
2.7029,0.0849,9.3415,1.01020,0.67160,1.77569,0.56891
3.2467,0.1020,9.2045,1.03730,0.68970,1.77407,0.58470
3.7939,0.1192,9.0668,1.05760,0.70320,1.77242,0.59670
4.3586,0.1369,8.9246,1.08120,0.71890,1.77069,0.61061
4.9403,0.1552,8.7781,1.10720,0.73620,1.76887,0.62594
5.5381,0.1739,8.6275,1.12610,0.74870,1.76698,0.63730
6.1512,0.1932,8.4732,1.13990,0.75790,1.76500,0.64584
6.7788,0.2129,8.3151,1.15000,0.76460,1.76293,0.65232
7.4198,0.2330,8.1537,1.15480,0.76780,1.76079,0.65584
8.0734,0.2536,7.9891,1.15140,0.76550,1.75850,0.65476
8.7386,0.2744,7.8217,1.14990,0.76460,1.75535,0.65508
9.4142,0.2957,7.6515,1.15970,0.77110,1.75208,0.66190
10.0992,0.3172,7.4790,1.17940,0.78420,1.74869,0.67445
10.7924,0.3389,7.3045,1.20830,0.80340,1.74518,0.69236
11.4928,0.3609,7.1281,1.24410,0.82720,1.74155,0.71437
12.1992,0.3831,6.9503,1.28090,0.85170,1.73779,0.73709
12.9102,0.4055,6.7712,1.30390,0.86690,1.73438,0.75180
13.6248,0.4279,6.5913,1.32760,0.88270,1.73102,0.76695
14.3416,0.4504,6.4108,1.36020,0.90440,1.72756,0.78735
15.0593,0.4730,6.2300,1.37770,0.91600,1.72400,0.79913
15.7768,0.4955,6.0494,1.39740,0.92910,1.72034,0.81228
16.4926,0.5180,5.8691,1.41680,0.94200,1.71657,0.82537
17.2055,0.5404,5.6896,1.43360,0.95310,1.71270,0.83704
17.9141,0.5626,5.5112,1.44880,0.96320,1.70873,0.84788
18.6171,0.5847,5.3342,1.46580,0.97460,1.70466,0.85988
19.3133,0.6066,5.1589,1.48100,0.98470,1.70050,0.87092
20.0012,0.6282,4.9856,1.49410,0.99340,1.69595,0.88098
20.6797,0.6495,4.8148,1.50930,1.00350,1.68811,0.89408
21.3348,0.6700,4.6499,1.52050,1.01090,1.68027,0.90491
21.9976,0.6909,4.4830,1.53530,1.02080,1.67205,0.91822
22.6785,0.7122,4.3115,1.54690,1.02850,1.66327,0.93004
23.3440,0.7331,4.1440,1.55820,1.03600,1.65436,0.94188
23.9926,0.7535,3.9806,1.56680,1.04170,1.64592,0.95193
24.6232,0.7733,3.8219,1.58320,1.05260,1.64194,0.96423
25.2345,0.7925,3.6679,1.59070,1.05760,1.63790,0.97118
25.8252,0.8111,3.5192,1.59410,1.05990,1.63385,0.97567
26.3942,0.8289,3.3759,1.60590,1.06770,1.62977,0.98535
26.9404,0.8461,3.2384,1.61250,1.07210,1.62570,0.99188
27.4626,0.8625,3.1069,1.61270,1.07220,1.62163,0.99449
27.9598,0.8781,2.9817,1.61050,1.07080,1.61680,0.99610
28.4311,0.8929,2.8630,1.60670,1.06830,1.60754,0.99948
28.8731,0.9068,2.7517,1.59840,1.06280,1.59849,0.99994
29.2851,0.9197,2.6480,1.57740,1.04880,1.58973,0.99225
29.6687,0.9318,2.5514,1.55000,1.03060,1.58125,0.98024
30.0232,0.9429,2.4621,1.50810,1.00270,1.57312,0.95867
30.3478,0.9531,2.3804,1.46550,0.97440,1.56542,0.93617
30.6419,0.9623,2.3063,1.39380,0.92670,1.55821,0.89449
30.9048,0.9706,2.2401,1.30460,0.86740,1.55156,0.84083
31.1361,0.9779,2.1819,1.19530,0.79470,1.54556,0.77338
31.3352,0.9841,2.1317,1.06090,0.70540,1.54025,0.68879
31.5018,0.9894,2.0898,0.90510,0.60180,1.53572,0.58937
31.6354,0.9936,2.0561,0.73320,0.48750,1.53201,0.47859
31.7359,0.9967,2.0308,0.54040,0.35930,1.52918,0.35339
31.8030,0.9988,2.0139,0.33180,0.22060,1.52728,0.21725
31.8366,0.9999,2.0055,0.11450,0.07610,1.52632,0.07502
