caso,rotulo,eps_kgf,W0_kgf,Wf_kgf,b_w,g_min,viavel,n_objfun,tempo_s,sucesso,S_w,AR_w,sweep_w,xr_w,Cht,Cvt,x_mlg,y_mlg,z_lg
base,letra E (roteiro),99026.54838638914,276780.5871782493,99026.54839283574,64.90000000102918,-9.678179369032591e-10,True,4971,22.159974098205566,False,388.65752881969115,10.8373302658641,0.6099104689746216,18.691133671195225,0.7,0.06476102284999218,32.24602285919587,6.95,-5.669687730377182
base,letra E (roteiro),99030.14264156761,276779.3914573173,99030.14264156763,64.88611638896641,-6.661338147750939e-16,True,61,0.5696310997009277,True,388.6230077075528,10.833656310978808,0.6101151604756081,18.687985393842887,0.7,0.06476518245088601,32.24580608741573,6.95,-5.66972595574743
base,letra E (roteiro),99033.73689674606,276778.27481150633,99033.73689674595,64.87238976372466,-1.1102230246251565e-15,True,61,0.5607891082763672,True,388.58895067253496,10.830022177349715,0.6103176775718262,18.684868592679344,0.7,0.06476927248834032,32.245591616837395,6.95,-5.6697637726969585
base,letra E (roteiro),99037.33115192453,276777.23475876014,99037.33115192459,64.85881524112726,-7.771561172376096e-15,True,61,0.5555481910705566,True,388.5553432755275,10.826426626952093,0.6105180875566824,18.681782293673905,0.7,0.06477329513940988,32.245379377398095,6.9499999999999975,-5.669801196236479
base,letra E (roteiro),99040.92540710299,276776.2689255678,99040.92540710302,64.84538811899313,-2.220446049250313e-15,True,61,0.5677130222320557,True,388.52217159622535,10.82286846855385,0.6107164554329028,18.678725554525176,0.7,0.06477725248457379,32.24516930004267,6.949999999999998,-5.669838238542274
base,letra E (roteiro),99044.51966228145,276775.3750581294,99044.51966228143,64.83210393216899,-1.9984014443252818e-15,True,61,0.5727059841156006,True,388.4894224161895,10.819346570956734,0.6109128429279833,18.675697480424322,0.7,0.0647811464995046,32.244961319197415,6.9499999999999975,-5.669874911176766
base,letra E (roteiro),99048.11391745991,276774.55101407296,99048.11391745984,64.81895843613566,-1.354472090042691e-14,True,61,0.5951001644134521,True,388.4570831702987,10.815859858844577,0.6111073087206763,18.672697220770402,0.7,0.06478497906231452,32.244755372529184,6.949999999999998,-5.669911225130961
base,letra E (roteiro),99051.70817263838,276773.7947538155,99051.7081763248,64.80594757954312,-3.360289824172469e-11,True,60,0.6445097923278809,True,388.42514186567314,10.812407305845529,0.6112999088190637,18.669723963683747,0.7,0.06478875196564643,32.24455140054203,6.95,-5.669947190895593
base,letra E (roteiro),99055.30242781683,276773.1043383585,99055.30243029517,64.79306754467576,-2.261479892240459e-11,True,60,0.5865809917449951,True,388.39358720038257,10.80898794470307,0.6114906960076179,18.666776944041935,0.7,0.06479246689900182,32.24434934717055,6.95,-5.669982818356526
base,letra E (roteiro),99058.8966829953,276772.47791519546,99058.89668467318,64.78031464613562,-1.5336620862171912e-11,True,60,0.5671710968017578,True,388.36240826526625,10.805600841742573,0.6116797212361036,18.66385542330549,0.7,0.06479612549320048,32.24414915829627,6.95,-5.670018117056306
base,letra E (roteiro),99062.49093817375,276771.9137182365,99062.4909392871,64.76768538490249,-1.0193068611386025e-11,True,60,0.5949370861053467,True,388.3315947026361,10.80224511047037,0.6118670328826122,18.660958700240403,0.7,0.06479972929665431,32.243950782534625,6.95,-5.670053096055395
base,letra E (roteiro),99066.08519335222,276771.41006089165,99066.08519409128,64.75517641913338,-6.746492253739689e-12,True,60,0.5694563388824463,True,388.3011366202214,10.79891990420385,0.612052677151712,18.658086105114293,0.7,0.0648032797883237,32.243754170808074,6.949999999999998,-5.670087764007519
base,letra E (roteiro),99069.67944853069,276770.96533112874,99069.67944898257,64.74278455477496,-4.0536463075113716e-12,True,60,0.5689020156860352,True,388.2710245633411,10.795624413694048,0.612236698205872,18.65523699781756,0.7,0.06480677838181644,32.24355927621496,6.95,-5.670122129182676
base,letra E (roteiro),99073.27370370914,276770.5779868871,99073.27370399881,64.73050673592464,-2.6530999619467366e-12,True,60,0.5777249336242676,True,388.24124948633795,10.792357864686478,0.6124191382986093,18.65241076590879,0.7,0.06481022642961827,32.243366053878916,6.95,-5.670156199493796
base,letra E (roteiro),99076.86795888761,276770.2465519823,99076.86795906801,64.71834003743129,-1.6224799281872038e-12,True,60,0.5861248970031738,True,388.21180273078005,10.789119516042195,0.6126000378766757,18.649606823150002,0.7,0.06481362522637472,32.24317446084521,6.95,-5.670189982514958
base,letra E (roteiro),99080.46221406606,276769.96961219324,99080.4622141722,64.70628165672655,-9.809930645587883e-13,True,60,0.5995368957519531,True,388.1826760011062,10.7859086576746,0.6127794356924402,18.646824607866833,0.7,0.06481697601255726,32.24298445595804,6.95,-5.670223485503034
base,letra E (roteiro),99084.05646924453,276769.74581169715,99084.05646930677,64.69432890685322,-5.581091144790662e-13,True,60,0.658836841583252,True,388.1538613441257,10.782724608779533,0.6129573689005313,18.644063581554104,0.7,0.06482027997748199,32.24279599976312,6.95,-5.6702567154148795
base,letra E (roteiro),99087.65072442299,276769.5738497386,99087.65072445762,64.6824792099326,-3.355093980417223e-13,True,60,0.6290850639343262,True,388.12535112956346,10.779566716183725,0.6131338731482029,18.64132322755687,0.7,0.06482353826222755,32.242609054403175,6.95,-5.670289678925758
base,letra E (roteiro),99091.24497960146,276769.452477561,99091.24497962257,64.67073009102843,-1.9462209621678994e-13,True,60,0.6000571250915527,True,388.0971380319797,10.776434352788304,0.6133089826600526,18.638603049852236,0.7,0.06482675196233648,32.242423583537516,6.949999999999998,-5.67032238244351
base,letra E (roteiro),99094.83923477991,276769.3804955492,99094.8392347892,64.65907917258059,-1.4588330543574557e-13,True,60,0.6181380748748779,True,388.069215014213,10.77332691616088,0.6134827303145957,18.635902571930405,0.7,0.06482992213029787,32.2422395522527,6.95,-5.6703548321243185
base,letra E (roteiro),99098.43348995838,276769.35675054824,99098.43330689061,64.64752475511867,-6.45039577307216e-14,True,60,0.6122400760650635,True,388.04157671205974,10.770243983584436,0.6136551389712261,18.633221471787273,0.7,0.06483304961967983,32.242056936253014,6.95,-5.670387032252172
letraF,letra F (teto relaxado),98863.4580457864,277174.64113217546,98863.45804626295,66.20304939665621,-3.334743592375844e-11,True,260,2.8336849212646484,True,392.2164561392161,11.174553440614496,0.5913185328248545,18.968866471134756,0.7000000000009423,0.0642746293667104,32.265742643559975,6.949999999996823,-5.666210602982345
letraF,letra F (teto relaxado),98875.206817995,277013.332435009,98875.20681799509,65.84612749343279,-2.098321516541546e-14,True,90,1.020646333694458,True,391.1809863859507,11.083648379585773,0.5962912727593999,18.89615922443609,0.7,0.06442590766149696,32.26045803114806,6.95,-5.6671424227475935
letraF,letra F (teto relaxado),98886.95559020361,276958.48343951174,98886.9555902759,65.69984542597541,-6.217248937900877e-13,True,80,0.8853709697723389,True,390.7694403409252,11.046077925723095,0.5983550553342004,18.86564904284019,0.7,0.06448412514571578,32.258267767021174,6.95,-5.667528625408039
letraF,letra F (teto relaxado),98898.7043624122,276921.14377870114,98898.70436241341,65.58822051364578,-6.59472476627343e-14,True,80,0.8529989719390869,True,390.46053124464464,11.017284273096749,0.5999400688628371,18.84208239848342,0.7,0.06452702514660047,32.2565865652015,6.9499999999999975,-5.667825066648864
letraF,letra F (teto relaxado),98910.4531346208,276892.8629776799,98910.45313462077,65.4945314003429,-1.0436096431476471e-14,True,80,0.9163401126861572,True,390.2047313621645,10.993033396535662,0.6012772511696832,18.822109463876618,0.7,0.06456199593245528,32.25516878874625,6.95,-5.668075058890541
letraF,letra F (teto relaxado),98922.2019068294,276870.3684230111,98922.2019068294,65.41230172958723,-1.3322676295501878e-15,True,71,0.7456851005554199,True,389.98285896532855,10.97168534256775,0.6024560542951972,18.804432779071288,0.7000000000000001,0.06459189940143233,32.25391930231315,6.9499999999999975,-5.6682953770607325
letraF,letra F (teto relaxado),98933.950679038,276851.98201201344,98933.95068244076,65.33821026700097,-3.129341230589944e-11,True,70,0.7277071475982666,True,389.7850776271369,10.95239906792578,0.6035223550697897,18.788386956822144,0.7,0.06461820337399433,32.25278931935404,6.949999999999995,-5.668494623544144
letraF,letra F (teto relaxado),98945.69945124659,276836.70706443803,98945.69945188767,65.27028426016139,-5.910161249289558e-12,True,70,0.7083272933959961,True,389.60554494229956,10.934674987834702,0.604503405615556,18.773576758736557,0.7,0.06464177980733886,32.251749862245155,6.949999999999998,-5.668677907877739
letraF,letra F (teto relaxado),98957.4482234552,276823.8942796414,98957.44822357087,65.20723836617414,-1.0412781747959343e-12,True,70,0.7553689479827881,True,389.4404544676534,10.918187585712717,0.6054169633629207,18.759744661307423,0.7,0.06466319688698716,32.250782051122016,6.95,-5.668848559090983
letraF,letra F (teto relaxado),98969.19699566379,276813.0927403138,98969.19699568556,65.14817989248775,-1.9761969838327786e-13,True,70,0.7720391750335693,True,389.28716267599475,10.902710775583628,0.6062753620997181,18.74671180534443,0.7,0.06468284927149744,32.2498727739049,6.949999999999995,-5.669008889197306
letraF,letra F (teto relaxado),98980.94576787238,276803.9741910255,98980.94576787618,65.0924589177016,-4.107825191113079e-14,True,70,0.7543389797210693,True,389.14374503951313,10.888079949794513,0.6070875820795834,18.73434796970325,0.7,0.06470102432243827,32.2490124846195,6.95,-5.669160581409538
letraF,letra F (teto relaxado),98992.694540081,276796.2908675195,98992.69454008146,65.03958483893808,-4.8183679268731794e-14,True,70,0.7077152729034424,True,389.00874886140593,10.874170846806633,0.6078604026985613,18.722554852446365,0.7,0.06471793898299943,32.24819397751397,6.9499999999999975,-5.669304906296143
letraF,letra F (teto relaxado),99004.44331228959,276789.8503144146,99004.44331228976,64.98917653462561,-2.4424906541753444e-15,True,70,0.7173850536346436,True,388.881045671765,10.860886930996518,0.6085990908867288,18.711256086380676,0.7,0.06473376180267183,32.24741165497809,6.95,-5.669442850866836
letraF,letra F (teto relaxado),99016.1920844982,276784.499508132,99016.19208449824,64.94093094122368,-2.19824158875781e-14,True,70,0.7829108238220215,True,388.7597381622201,10.848151435252266,0.6093078351658767,18.700390943604486,0.7,0.06474862682488151,32.24666106596049,6.949999999999998,-5.669575199962062
letraF,letra F (teto relaxado),99027.94085670679,276780.11439887126,99027.94085670674,64.89460235418252,-2.220446049250313e-16,True,61,0.6784262657165527,True,388.6440988833287,10.835902119207814,0.6099900315800899,18.68991018853765,0.7,0.0647626427354438,32.245938601917395,6.95,-5.669702589865452
letraF,letra F (teto relaxado),99039.68962891538,276776.59276920836,99039.6896289154,64.84998829273033,-8.43769498715119e-15,True,61,0.643625020980835,True,388.53352838227977,10.82408768962001,0.6106484789619535,18.679773245956838,0.7,0.0647758991102704,32.24524128918122,6.949999999999998,-5.669825544914832
letraF,letra F (teto relaxado),99051.43840112399,276773.8492066892,99051.43840489398,64.8069195379285,-3.424016625785953e-11,True,60,0.601783037185669,True,388.4275257008117,10.8126652775647,0.6112855165518559,18.669946205128557,0.7,0.0647884708186478,32.24456664263036,6.949999999999998,-5.66994450330417
letraF,letra F (teto relaxado),99063.18717333258,276771.811479316,99063.18717435242,64.76525300815307,-9.32387500540699e-12,True,60,0.6168148517608643,True,388.3256672749068,10.801598634067746,0.6119031224291728,18.660400392332846,0.7,0.06480042117289869,32.24391256104473,6.9499999999999975,-5.6700598355353184
letraF,letra F (teto relaxado),99074.93594554118,276770.4178453645,99074.93594577724,64.72486634116429,-2.1628254742722675e-12,True,60,0.605093240737915,True,388.2275908926993,10.790856758141768,0.6125029883542199,18.651111285455514,0.7,0.06481180432274604,32.24327724751323,6.95,-5.67017185845213
letraF,letra F (teto relaxado),99086.68471774978,276769.61504474096,99086.6847177912,64.68565399841724,-3.758104938356155e-13,True,60,0.6065139770507812,True,388.1329841557155,10.780412910035684,0.613086573598444,18.642057733388967,0.7,0.06482266697818233,32.24265915222548,6.95,-5.670280845328011
letraF,letra F (teto relaxado),99098.43348995838,276769.3567505481,99098.4334682061,64.64752423863088,-5.0959236830294685e-14,True,60,0.6045181751251221,True,388.04157547780716,10.770243845748404,0.613655146680213,18.633221351874,0.7,0.06483304975911287,32.24205692808749,6.95,-5.670387033691973
