CL,CD
-0.50000,0.022643
-0.48839,0.022213
-0.47677,0.021793
-0.46516,0.021384
-0.45354,0.020984
-0.44193,0.020595
-0.43032,0.020215
-0.41870,0.019846
-0.40709,0.019487
-0.39547,0.019138
-0.38386,0.018799
-0.37225,0.018470
-0.36063,0.018151
-0.34902,0.017842
-0.33740,0.017544
-0.32579,0.017255
-0.31418,0.016977
-0.30256,0.016709
-0.29095,0.016450
-0.27933,0.016202
-0.26772,0.015964
-0.25611,0.015737
-0.24449,0.015519
-0.23288,0.015311
-0.22126,0.015114
-0.20965,0.014926
-0.19804,0.014749
-0.18642,0.014582
-0.17481,0.014425
-0.16319,0.014278
-0.15158,0.014141
-0.13996,0.014014
-0.12835,0.013897
-0.11674,0.013790
-0.10512,0.013694
-0.09351,0.013608
-0.08189,0.013531
-0.07028,0.013465
-0.05867,0.013409
-0.04705,0.013363
-0.03544,0.013327
-0.02382,0.013301
-0.01221,0.013286
-0.00060,0.013280
0.01102,0.013285
0.02263,0.013299
0.03425,0.013324
0.04586,0.013359
0.05747,0.013404
0.06909,0.013459
0.08070,0.013524
0.09232,0.013599
0.10393,0.013685
0.11554,0.013780
0.12716,0.013886
0.13877,0.014001
0.15039,0.014127
0.16200,0.014263
0.17361,0.014409
0.18523,0.014566
0.19684,0.014732
0.20846,0.014909
0.22007,0.015096
0.23168,0.015294
0.24330,0.015502
0.25491,0.015721
0.26653,0.015950
0.27814,0.016191
0.28975,0.016442
0.30137,0.016704
0.31298,0.016977
0.32460,0.017261
0.33621,0.017556
0.34782,0.017863
0.35944,0.018182
0.37105,0.018512
0.38267,0.018854
0.39428,0.019208
0.40589,0.019574
0.41751,0.019953
0.42912,0.020344
0.44074,0.020748
0.45235,0.021165
0.46396,0.021595
0.47558,0.022039
0.48719,0.022496
0.49881,0.022966
0.51042,0.023451
0.52203,0.023950
0.53365,0.024464
0.54526,0.024992
0.55688,0.025536
0.56849,0.026094
0.58011,0.026668
0.59172,0.027258
0.60333,0.027864
0.61495,0.028487
0.62656,0.029126
0.63818,0.029782
0.64979,0.030455
0.66140,0.031147
0.67302,0.031856
0.68463,0.032583
0.69625,0.033329
0.70786,0.034094
0.71947,0.034878
0.73109,0.035682
0.74270,0.036506
0.75432,0.037351
0.76593,0.038216
0.77754,0.039103
0.78916,0.040011
0.80077,0.040941
0.81239,0.041894
0.82400,0.042870
0.83561,0.043868
0.84723,0.044891
0.85884,0.045937
0.87046,0.047008
0.88207,0.048105
