CL,CD,CDind,CDvis,alpha_deg,delta_e_deg,Cm
-0.50000,0.023890,0.010613,0.013280,-8.1423,0.0000,0.046030
-0.46066,0.022530,0.009251,0.013280,-7.8100,0.0000,0.043590
-0.42132,0.021270,0.007992,0.013280,-7.4779,0.0000,0.041190
-0.38198,0.020120,0.006836,0.013280,-7.1461,0.0000,0.038830
-0.34264,0.019060,0.005783,0.013280,-6.8144,0.0000,0.036530
-0.30330,0.018110,0.004832,0.013280,-6.4830,0.0000,0.034280
-0.26396,0.017260,0.003984,0.013280,-6.1517,0.0000,0.032070
-0.22462,0.016520,0.003239,0.013280,-5.8205,0.0000,0.029920
-0.18528,0.015880,0.002597,0.013280,-5.4894,0.0000,0.027810
-0.14594,0.015340,0.002057,0.013280,-5.1584,0.0000,0.025750
-0.10660,0.014900,0.001620,0.013280,-4.8274,0.0000,0.023740
-0.06726,0.014570,0.001285,0.013280,-4.4965,0.0000,0.021780
-0.02792,0.014330,0.001053,0.013280,-4.1655,0.0000,0.019870
0.01142,0.014200,0.000923,0.013280,-3.8345,0.0000,0.018010
0.05076,0.014180,0.000896,0.013280,-3.5035,0.0000,0.016200
0.09010,0.014250,0.000971,0.013280,-3.1724,0.0000,0.014440
0.12944,0.014430,0.001148,0.013280,-2.8411,0.0000,0.012730
0.16879,0.014710,0.001427,0.013280,-2.5098,0.0000,0.011060
0.20812,0.015090,0.001808,0.013280,-2.1782,0.0000,0.009450
0.24747,0.015570,0.002291,0.013280,-1.8465,0.0000,0.007890
0.28681,0.016160,0.002876,0.013280,-1.5146,0.0000,0.006380
0.32615,0.016840,0.003563,0.013280,-1.1825,0.0000,0.004920
0.36549,0.017630,0.004352,0.013280,-0.8500,0.0000,0.003510
0.40483,0.018520,0.005242,0.013280,-0.5173,0.0000,0.002150
0.44417,0.019510,0.006234,0.013280,-0.1842,0.0000,0.000840
0.47020,0.020230,0.006947,0.013280,0.0363,0.0000,0.000000
0.48351,0.020610,0.007328,0.013280,0.1492,0.0000,-0.000420
0.52285,0.021800,0.008523,0.013280,0.4829,0.0000,-0.001620
0.56219,0.023100,0.009819,0.013280,0.8171,0.0000,-0.002780
0.60153,0.024500,0.011217,0.013280,1.1517,0.0000,-0.003880
0.64087,0.026000,0.012716,0.013280,1.4868,0.0000,-0.004920
0.68021,0.027600,0.014315,0.013280,1.8223,0.0000,-0.005920
0.71955,0.029300,0.016016,0.013280,2.1584,0.0000,-0.006860
0.75889,0.031100,0.017817,0.013280,2.4950,0.0000,-0.007750
0.79823,0.033000,0.019719,0.013280,2.8321,0.0000,-0.008590
0.83757,0.035000,0.021722,0.013280,3.1699,0.0000,-0.009370
0.87691,0.037110,0.023825,0.013280,3.5084,0.0000,-0.010090
