$S_w$ [m$^2$],$AR_w$,$\Lambda_w$ [deg],$\delta_w$ [deg],"$x_{r,w}$ [m]",$W_0$ [$10^3$ kgf],$W_f$ [$10^3$ kgf],$SM_{aft}$
434.5623489605197,12.643429348708029,36.00871477704713,2.0587377648859957,17.885067818651606,284.358679951071,96.16771185897571,0.18939316207172505
407.22262585592256,8.69872973150067,38.810552527133666,0.573337072209043,17.853140389720693,287.78444422076035,107.9023542017638,0.13541002691795476
400.2215115929184,6.444760178494128,35.285957793906434,4.556696319772032,18.769730921099153,321.5277349831442,140.16685788695446,0.029974572227430645
393.20010270178744,10.670173008302633,18.629701352814138,4.946111093501788,19.208000991352016,380.41610381903496,179.11933097334577,-0.42849441630304647
398.8740986006788,9.534587077742957,33.47693402758749,4.310592360240607,17.917680799035427,284.5550129964323,106.82951912492994,-0.056909115414447535
425.80935163305264,7.6694376229083785,29.91022565449311,2.9453368199434173,18.86140660472975,311.1862544983361,129.67287572973743,-0.07219640170972755
406.8872571187705,11.676863479649544,35.42992576907392,0.4956880213564516,19.531802781106343,279.4838698462325,97.36385267816743,0.25515036676705893
404.9305732140463,11.935804514895457,19.23751881221265,0.41285348531240085,19.94962573877534,352.838993867503,155.47341276918635,-0.31807389637752037
398.7240783893366,11.813133289086302,26.748713308887375,2.9847751052150198,20.86227350639275,297.2704068796858,114.04575884433936,0.037134641431528156
375.3641153359918,8.365889596847957,28.949869175609777,3.721266824817513,21.152885605650194,314.28897552208116,134.18067846449776,0.05034393862396467
366.73536909981453,9.6810695315815,30.88488465986723,0.9445445836757825,20.37516641812295,289.8365468284049,113.75922598598146,0.04651348809514842
431.1718771715855,9.311541890389044,20.04248006951061,4.881528276979326,21.02028288505979,370.8760408331293,171.75946123004644,-0.1407976720593604
432.2612215311468,11.239049123099225,21.079906405816473,1.2193743536305879,19.6128699117914,338.0302716347897,143.44500455984618,-0.25050166773025034
401.5030045680039,8.7847431323767,22.933862222828218,1.966178572292919,21.760060383374793,356.85912934263536,164.1994659953116,-0.026029318648958827
420.65121386840093,9.883648467395687,25.170845808927517,0.44215464027159834,20.400235256392087,315.8020449836269,129.9136028181194,-0.061382001393252734
372.6000185145373,13.539933290975,13.35404491204353,3.037168492453826,19.24027283614267,446.986244886437,225.15091640486258,-0.678719275677542
365.34291626747256,7.34655024101857,38.72623491486661,1.3657544933691843,20.88949816446734,301.8517666384053,124.51032533314343,0.2867152779034629
418.1620998996435,11.046087038333937,39.887289981112374,1.6337712829586106,19.724260521467258,284.85497590564916,98.95307691771363,0.4536921758559203
375.19779598182083,9.201997668074117,21.59689914306117,1.6870873778315882,18.223652072590735,390.8298435654178,190.5929564416939,-0.4584802830096417
427.44204569964626,6.8826586318722045,38.06221356589721,2.3006583227403103,18.75671542478291,304.2622346112729,123.33578449764772,0.1583626420626341
376.1796800460487,7.997670981403361,31.128643707150353,1.3181466180714998,19.272416182020283,307.35375836184335,129.1586975197073,-0.06693359125091232
408.1311147103394,11.696104556135205,29.97960529439803,0.4606253464656135,18.41971027337247,286.3313947119326,104.52175479115455,-0.08654753194022044
372.7258286055424,9.515474860202353,30.475346151192696,3.1496792938891294,21.73666444902893,292.3067650814337,115.5520299162402,0.17726774225794822
430.0175099760758,12.556319406265551,14.71687504759925,0.7178423431151404,20.93314642944499,393.97873317196604,182.8804555480224,-0.32531408538315826
429.4329998204472,13.07774912585378,13.59865336032218,4.023589578350743,21.660533850634526,402.99851069650146,188.6330791127599,-0.2867896353056043
422.38402600501973,9.659818659605406,23.26319372239894,0.3565304883350859,19.104475225413672,332.54588822399694,142.92550134135465,-0.24559143264301356
429.3882423663456,11.61029954698601,19.4970647187659,3.426885672525877,20.997015480573843,350.12205759339304,152.05932051607368,-0.16224586042762384
414.14262542301327,10.611808387851271,19.88062557099395,3.8622392783861192,20.821941749610726,356.8452276100486,160.07954091524928,-0.1883694068237044
421.8942339394221,6.75054906815786,32.60620470402047,0.7363157582224962,21.053781598047408,317.10688227777314,135.65954487666195,0.1707862459099373
412.878154144999,12.279158916876305,26.83744958502423,4.932073740273606,21.530644256278556,296.8259920860095,111.69945686153106,0.14011595773333904
413.21324438456173,12.23561845786503,20.074983971333417,1.350815991911394,20.41632584370752,342.0387114207768,146.20775099919243,-0.22607305912490455
402.8514360243071,8.217113406940094,32.24052442268885,2.4767892458303615,21.119047786797495,296.472853546766,118.47363555731214,0.18033442962712143
387.4010236374337,8.807167203686054,36.392000775631274,2.2426884195771994,20.90570624838303,285.3121679602486,108.55212096108846,0.29680135209981956
406.60394729286986,11.889898106360224,35.514699436792554,2.9341575891289495,20.118639091501535,279.3287563538736,96.81966042714751,0.32222599657917894
365.53120013759786,9.18970843823562,28.119312490066108,0.011025468562846301,21.698868497152766,309.36521340994653,129.87848091139534,0.07874632379854767
368.76451432497066,10.833755786609302,32.474364425779335,1.435407093432549,20.6717701709943,279.5939057237087,103.49231216954058,0.1699218640797155
421.02622192942505,8.727621747876022,37.4288142540758,2.9117345912222685,20.742101834119715,288.03432319506675,107.66509603060105,0.33980325214300217
361.8656786768119,10.750145287279366,26.5068184409518,0.38852985831787357,19.44436700315026,304.7617657868344,124.38211635301253,-0.20285182443739475
397.3947071599884,10.531323336994232,33.15615190582187,3.636370704956578,19.803993872713924,281.4305902402897,102.82268844771696,0.14142630240776677
408.7537889076457,12.611041182243927,33.56880169851847,1.2608228120242,18.93852603408097,280.0034251975022,96.71539759072405,0.1463084408050354
379.99576008647426,7.060837813180109,32.0243678591889,4.631068580843111,18.613257047461985,324.792154506224,143.53112204681582,-0.102257519282113
404.20039945461826,10.018306638938586,33.29190874286425,0.9533628366170319,20.033008003606287,283.3370307686179,104.62790613498741,0.16477281538703464
431.38474059854684,6.057490586385538,37.22352014495828,0.47028654190639696,18.272167039145362,321.9451458996161,138.715674684787,0.08043154010888402
389.2255764333911,6.3041213244038525,34.29913194741169,4.419441963201712,20.949210767571635,338.2634523610206,153.96288875017962,0.16579723092106366
369.2485712600792,13.576833633268631,31.49369950301407,0.6445701459807438,18.4010181906873,276.7019976659475,97.0946737008819,-0.05974529809248237
411.02639700041715,12.294372093413173,20.48194561401222,2.5237839311268244,21.410493353070294,338.2101968150555,143.4176930828909,-0.10638212833617533
430.74474704977393,11.09918609432312,32.50986643344897,3.175743812574834,19.26227957998991,285.00528713254215,101.86935792846599,0.12349164491190374
409.02553978533706,9.440343694908755,32.746085053706665,2.7475270461515593,20.32850340372287,286.74363159851094,108.13310127108892,0.1635680245500196
395.6083788890179,8.647916504695157,27.722077585741182,1.1851566002816387,21.28803038523182,313.6896875625589,132.05624117456645,0.057127401139346695
420.4935905211859,13.221732227055059,12.700860731134817,3.5826597799953,21.514788992989217,415.37117132372737,198.28447118620574,-0.34538422278951103
419.4488680068654,6.167040990430099,33.42307585582853,3.9128741468450863,21.232326725400647,333.55836321152,149.1921241019056,0.1869902053028095
359.1096595229046,11.78320200720005,20.76779872401173,0.9086001252093701,18.31944673940964,350.14805922729954,157.31610524325595,-0.5404768458531086
409.9248163056167,13.024204191363102,10.030036966882738,2.8417882418996814,18.87414119731206,471.24920287741253,240.76079489084495,-0.7455455247785316
423.4898909637412,13.546064829660203,36.89186586603703,1.076244817394941,19.3022151379823,283.38919670910195,94.17512741087555,0.38500263420963604
394.8145879046328,9.328143888944744,37.724796931192,1.1467441719806868,18.815892006550218,283.2195997678222,104.71168421019658,0.18452207284146874
400.91387589449135,11.476199238486476,20.171394333998077,0.6300621493567584,18.36055090631549,347.47542785870803,152.5693100216868,-0.46555426528606964
370.76894224947483,7.968440365439864,30.246466434477412,3.2375398865301075,21.062861026884168,314.9244679021964,135.4300033270235,0.06776044590830516
431.80768889223134,8.344975495107587,29.73459933908447,0.3427703288807118,18.960814369845913,303.3978517207977,122.05983997890603,-0.055001461068323765
410.81497428633594,8.91311994526804,24.121722892432295,4.068542791735084,20.509244847855857,336.7766143283612,148.23950525302897,-0.1007456117348887
407.6166960787966,12.165951956338015,32.337024926503005,1.1549966423904787,20.71144681566971,281.1786291635403,99.04335218666175,0.259348428283105
428.0755087100624,11.006671313623336,20.36722586910328,2.78153316964783,19.577129224051028,346.1702637191324,150.3098561425107,-0.2826590721999064
383.7666954012093,11.988692217438098,35.35853787090757,4.475422773760882,19.044211362155806,275.91422136916316,96.25226537784097,0.17849924011449514
360.6108137021665,9.835167631902468,23.43072182345899,0.019427879716425008,19.76711629090988,347.4572385591462,158.14440738327085,-0.2742617893672555
376.5167000672723,12.181148820050943,36.78096513029142,4.954903604667188,20.9212058352781,274.81999712223677,95.04035134621567,0.4217776599671547
376.2916138230994,11.820976345243174,22.305439741278448,0.4309040074960891,20.938932931646026,328.0338090809042,139.3478533777954,-0.1495675975602995
422.12114677874416,9.604443090491332,28.182880806475968,2.9648986974590237,18.505333242545227,300.6205481586388,118.48042034692307,-0.14870157596385222
420.0590810975237,7.0833932603966465,36.45718763310413,2.686490099527669,20.62679911970231,301.97359897493044,122.36120621381673,0.252490605556347
432.86693812531416,12.975175060280666,37.938625257327104,0.6745003485051847,19.354702408612066,285.76007222815934,95.4369930108416,0.42785844468406364
392.2301344297682,12.621797082818295,38.56723669307566,4.6531892374655595,19.702475373387685,278.4067131475682,94.3283187817173,0.4290882161900663
360.95175185056894,12.955434100358353,27.93675039872775,4.982268684377848,20.085817822118702,287.50100824129726,107.85681918925115,-0.04665989460447201
415.852870930008,10.957587923443413,20.9722583261282,3.1250630936095303,21.350368630461457,341.8917468031192,148.1293937469297,-0.09724607931426606
403.5278675904384,12.433191084940884,12.676249459829917,0.9953190044315647,19.036981883791974,440.00513208561244,219.3509350522113,-0.6414357594153949
396.2986528643051,8.092528568182779,22.162606882804575,1.3392409912297198,18.407863299632055,427.3468044471965,218.3248439082451,-0.3681518206928111
426.9335319361142,12.564753004604054,19.64691310097945,3.9935976613206527,18.154095949437952,344.02244598267714,145.9717676629611,-0.4664463843950808
423.01943971008285,12.385045106029924,36.50242879391634,1.7340884006924726,19.011047382481234,282.3710512223759,96.02529387804115,0.29575412400073076
387.6334626669104,12.872373607214133,26.66535011805531,0.8087097964231784,19.14145841109779,294.61328846176946,111.23611270807224,-0.16035571007020102
382.73729522829194,13.471232141021762,26.601990602969195,4.34454879974282,19.085090393380156,293.61445439583366,109.96498010939962,-0.17132444855887297
380.34651480016,13.603945002702648,13.144468382453129,4.4441848512031665,20.697513548330875,434.5402866039785,215.22029042370815,-0.4934170239732378
407.46218179489097,13.993666534969492,16.389431077099132,1.885431704232938,21.592503617647495,370.4576185394737,164.84303706205148,-0.23109873520572097
358.282591346814,8.893548810895524,28.28832684603066,4.728795061004638,18.890792080719358,315.0807940120185,135.13042919892428,-0.21950041879573293
357.3520465722868,10.622803396648088,23.845845508535483,0.7007477421904549,18.162892668860454,329.78786899882533,143.91105979516092,-0.44842227290502307
434.20511296460916,12.792920956999769,24.196770782751734,1.4414431292685985,20.242182561785334,311.2535521481639,120.16523577977955,-0.06282474030746923
379.4596134082517,13.726593386528675,16.50337288557787,2.730414998203494,18.310608173153728,377.3054355697085,172.8186562714103,-0.6685130019771823
386.7831102930652,13.761032270360072,19.43511574090708,3.9517304846279835,21.045168054406275,342.9389773838823,146.588962371795,-0.21511371481087496
409.73029135453623,6.517824109153198,30.955046477961208,1.7545211723229348,18.579925095467477,340.4625345515408,154.78123441420055,-0.0924360915558507
400.631608225111,7.228279303583597,38.17215193419107,4.68014955907732,18.776465092194712,300.24212148126094,121.32223740831506,0.13894885308093724
377.0912398556472,11.636808834662727,22.045093926328875,3.0947054838749484,21.39961341675179,331.7225602069929,142.348726013654,-0.1065229390917873
381.6583842368959,7.65323859990201,25.02789703815131,3.6960053146545153,21.71856617379313,412.01142242291775,208.44021964999158,-0.001999601807842598
424.12194084853644,8.437002078933634,39.072009019127634,2.5806896836222655,20.669393127500395,290.8352109532854,109.2968306328223,0.37349786672482793
387.98899861310645,9.808193556288199,27.609619070651885,4.3314347234860895,18.809723076180507,302.76017219432634,122.33241427876978,-0.19099299335247572
380.5086721395358,13.31369494724845,16.153772068799817,4.832651794524178,21.68976725321886,385.3510074828988,179.35468737763352,-0.2677001309077206
394.17111399198836,9.751767952981028,20.704667823192928,3.878200613654954,20.18588668792753,368.28383141599573,171.58362332608468,-0.25491547763908196
417.19233829526445,8.763302246565772,33.06683390682766,1.7911662207329258,18.62807580483133,290.1762826861239,111.35260218451754,0.009932123709559617
403.297337066528,13.338827151920828,38.334049430432316,3.5994078471241986,19.976112930485137,280.4826511676921,93.52825089300777,0.48920396786466297
398.5329243877588,8.949868199275967,30.565539817537836,2.51108991748495,21.563447447253733,295.4035992066955,117.00190906711465,0.18114374274907347
434.0913773523541,7.75291236871248,30.78743469397316,1.2783525417371557,20.128252545409637,305.4781492986084,124.4607133359962,0.07378617317638617
423.71861817473024,12.156340900846708,34.53873263173995,4.646095542319983,18.086906570312866,282.0644393473836,97.27272057273585,0.11059275920337273
415.74736196832094,8.55336331698666,33.94694785878478,0.21398061834598814,20.811866849533867,290.06692937305104,111.4979536017035,0.22882128207791214
414.93281101187614,10.19500123139068,38.920847879151566,3.7547009608240502,19.63954536933636,284.1248291392863,101.18032648617222,0.3649582664006931
400.4364557608779,8.491600067534531,34.89315228234722,4.006765815752356,21.727245701071375,288.87436317059735,111.49716223916924,0.2942784045488071
390.2713567087706,7.317721920144072,29.632442573933766,3.6200904265334395,19.250871043667225,329.9016751305683,146.72138784517094,-0.09607690166499108
373.9149551743518,13.115113734666982,18.89315481835174,1.8408968289738743,17.98365578841669,354.39897803219844,157.24743749764312,-0.6262303737396835
421.22887105948917,11.203014484127817,39.40720047170397,3.40019762233653,18.349211332354383,284.7084733932829,98.54337515763032,0.3175604656674829
433.05924559232284,10.400294489462024,39.515427047831146,4.614954006165541,21.382983453247743,287.3465073844369,101.12675247660303,0.5094050115972447
390.53112415598616,7.628488090228575,39.21619510663279,4.562600581201691,21.620619332247784,295.7526548594805,117.29692704185862,0.36090956094786886
357.6099607212109,10.294539767262703,25.978804305971234,3.5224894924532535,20.425836616605192,313.7422144444356,132.21386024288648,-0.1241874808177734
401.0847234166131,13.435277766896675,36.07677802424723,2.127489478791823,20.170739333200252,278.535473332554,93.53475453697138,0.40241444267176457
377.5248150058207,13.639170272296615,19.067429716493145,3.9266022485389556,21.368524941255174,348.4179711177778,151.66842200439316,-0.2059587759142515
410.49349337479504,11.52834983621739,21.753372649641076,3.079990402377301,20.70957482703071,331.3457421886611,139.6201594540928,-0.14344929752203428
420.83564638512644,7.896028940402138,24.0174829016808,0.28160638843886204,20.201918028876744,359.5271276545177,166.55116495688702,-0.11996302120265959
373.87855972979787,12.848993708034879,17.320457762394106,1.095672776679456,20.36527646183797,377.1343955252351,174.5671964418637,-0.39422781055322176
424.04855976042734,13.860711888957686,31.87759035792257,3.5042680660473344,17.995619098868488,284.31719013669357,96.94121585769248,0.023860354356121643
399.06677877193715,12.087727686296875,33.76856812568292,4.990703692877209,17.977492298135136,278.644991847376,97.45894089302051,0.02026729504673005
358.8893520656959,8.933138341912564,28.653145604697066,2.3981957976158235,19.669175484782055,311.3351617648685,132.15983051996622,-0.12622027083798637
360.1088129109975,11.131353059433891,34.50192067210577,1.1883939367419225,18.883464472830475,275.25630344329636,99.72841083492152,0.05141382081459427
412.49310470881795,12.894629740846568,36.929241845341544,3.0602456579565573,21.646663331000994,280.8636183558023,94.65600797812236,0.5261686683949538
356.9378556700267,12.983193691971877,39.835888977392656,1.774016375676516,20.64853812235873,273.41433767977395,92.69538031896107,0.5322466885369839
408.03055036156843,12.581134723437835,26.40507130253646,1.8268793550264553,21.1448156351665,297.8418190317829,112.4275314158043,0.08157543003163042
381.2385975547875,12.206175035994118,30.330131172681767,3.867871453402445,21.29648908858145,282.01978942930486,102.60354827711839,0.2092164671651152
429.62611618766033,13.849262008990426,21.387566735788084,1.9547656367450614,21.014508504573595,327.2995920827239,130.9169239035797,-0.08074276427631225
391.0352822144855,11.378077639250623,24.915077279458522,0.6021680659534336,20.855191287764388,309.1384130871104,124.55838709686387,-0.048074875157905234
358.551894665212,8.66917975259003,34.741214288247974,3.94897941320418,21.57971859000621,288.5835296489314,114.06951475524895,0.2554343896618242
372.424099423778,11.557995537736335,39.13108871849877,0.6950383154956503,19.918966196737795,276.2355382743263,96.29721853432407,0.404778837049111
387.03585712175084,13.978273394447612,33.89099440969882,0.747287292974843,20.728595748161567,276.3972661652012,93.51742760673145,0.36139391897013645
426.20054275391993,9.954824243701946,15.69250201610738,0.1770967661732049,20.208529252350875,428.9279258457507,214.08793371933527,-0.34848754367936546
409.2820860450205,9.567686552342535,18.399150954138946,1.672032023972818,19.40380155602565,403.6739815215208,197.2515629061517,-0.37408093541689424
371.6060238609915,13.646157396183616,39.6549003555843,4.459204942005092,20.47154274595079,275.8374634029383,91.90903111550733,0.5589192467819426
369.96699536759246,9.733057231885859,38.9558072887189,1.4517435626412956,18.847212022347808,280.13113585742155,103.01311589493902,0.21293791645595467
386.225119033641,11.723730811427824,36.121150939317346,4.668018311639945,19.77349717329126,276.470647318326,96.54986273170965,0.28273694659238835
370.6218716418003,9.98946219569858,22.8721545075222,2.6325484631605067,20.046037541860578,345.6236578583906,155.85106837482286,-0.24377163795472243
431.4500325125965,13.40346704545654,17.585283059174287,4.910344794406502,19.470597493292765,359.5813443630503,155.68224987862428,-0.391426126481305
418.4003517996714,10.859665682560944,22.133071674800757,4.962504608389229,19.306077942642524,332.0169892080647,140.6776207212957,-0.2680762998042259
391.4148551550857,9.48321605204576,29.319135646739884,0.24441538400137117,19.347804211960458,296.4947365209695,117.63678096555107,-0.07608640357672049
381.18255997235417,12.330711170189439,17.18954996160661,3.1506376287311246,19.59824919356995,381.52963779167607,178.07357091739655,-0.4708725074447144
401.96797673839893,12.47716833730986,36.236649706324755,4.59169340995615,20.003735880014997,278.571671170108,95.17850445678941,0.3581188746442663
385.8413528953544,10.076305072537906,37.81705117220399,0.551974118917487,17.891855963440893,279.8436884759722,101.37560409579397,0.10736291710347967
416.4269956245574,11.948186700356155,29.43265454136363,0.3128874979227592,20.26876464041517,288.3675609134886,105.04034997441794,0.10497107188741484
411.6026526761178,10.302294236185531,32.147887827543116,2.105770835956791,20.363737117828038,284.8773872998976,105.0546242157384,0.17167528679259902
426.0308289198273,9.06315893525809,27.46518529312648,4.199626882920551,20.253131279777165,308.0925841126231,124.99229540263536,-0.005722981726216259
432.47637401963493,7.326548196619688,34.210767581704076,1.8681502973017017,17.967397638124858,301.07516256623524,121.16305221097427,-0.01439158038592999
369.8814597399748,13.176215736004583,21.547101995673067,1.6902655118070804,18.954438597829096,327.85285278887216,137.65324670272392,-0.4188043126136172
389.09583089079183,13.885317530951246,37.345161969719996,2.724005648117131,20.839462762306855,277.15368342840213,92.138426015172,0.51545463539977
402.36183418764597,8.017633070801192,33.8337827328155,2.4201934915162515,19.859950522481807,294.6355602472173,117.0341347704823,0.11221096627357337
389.50199886420023,11.711560747124075,25.319009131637046,3.3034534460022584,21.621961200829446,305.11967302961415,121.06426105368794,0.05239597840666123
423.18428425353443,7.687584885466887,29.204365683411254,1.4963476060656982,18.78212243691898,315.1122343612141,132.89632632135434,-0.10275965764010199
378.06093460534566,6.8414909100425465,33.33550427302414,0.5275164832426225,20.19487483969041,325.46594015020935,144.25353803981292,0.07044770568544896
406.3522353621998,9.549027662918352,28.74360722838856,0.05027087356577706,19.093048560539255,298.29798564577357,117.89243678840172,-0.09682370049460681
392.38398872631944,13.444285943386856,24.840762833078337,1.0319842587824672,18.56684438964516,303.2539541864258,116.63609545932368,-0.2867842963362477
418.7927158898397,12.708452426815697,16.961586504862368,0.26369285746981025,20.30968036544906,369.69964475473483,165.53652064200242,-0.3364293974315308
397.7093703827292,12.305188814233222,21.40316666401131,2.7707195095505743,19.486936489684613,330.83128909467916,138.95423639217177,-0.3073634339181245
395.1350586111448,9.780734259712627,32.08303589054055,0.09734985582972332,18.980640605570166,285.77683648418406,108.03932912060414,-0.004471706056074359
370.9869239623653,8.473269603911486,25.47680474505839,0.8901282727159605,21.7647423714344,350.52053227552767,161.83374732726818,0.004658123042400815
422.7720680121775,12.001612673769849,35.809292210132185,4.187438634689771,18.58385502684374,281.98899719099177,96.93521679507835,0.211343643658488
424.69630124845054,10.976128064460301,31.591515203535895,0.5499591331175729,18.385077211648056,285.7618667938187,103.53504994799863,-0.012608088757363209
361.7035141086546,8.263789700896798,34.085193015694685,0.5059980423128383,18.546337705576242,294.45136289705516,119.19300571986267,-0.06212278602490458
382.2278430671942,10.913938273931414,38.685894224673156,4.054463189565174,20.008339786536784,278.13545406624195,98.29790910605794,0.3796831101702211
362.3557946866562,10.880332972440419,24.950193471446067,0.8256536457349251,20.098054063494082,315.1679567499472,132.10841660691472,-0.18256504510588312
404.48295001850465,13.04314200225459,37.992965666523375,4.428966475243852,19.343979617184083,280.2442332145236,94.02942825646502,0.399080271820673
421.5051082967617,9.417073566554022,24.602063817184913,2.5934572718316073,19.426796582576465,324.0765641168987,136.99320330393783,-0.1750841420962386
375.89376172933066,11.029402144301798,27.137329429669755,3.6112790620571533,19.172202781622957,298.06374907839495,117.7324766511949,-0.18101917559932132
363.0209521383348,11.51461913694944,18.558494784473734,3.7037378688569222,18.255081583361612,388.2496556944608,185.79731114608296,-0.6098863701742525
405.3886661694668,11.585736191361004,34.77041279341876,4.202727538496746,19.688221447724665,279.42269679556404,97.95255553452787,0.2379863776032797
399.33242763123724,12.726702749654333,24.322543650979043,4.396083246705584,20.405447868035225,308.10345222015997,120.90531156851937,-0.09111782318057801
383.301454138421,13.126023261175494,39.60175657943158,0.6793979365178107,17.94296570191456,277.9038367893462,93.21488129740783,0.3096300872578678
371.2052190465205,12.118371243113952,21.186368608119988,4.874537621011702,19.16116609270891,337.652985106797,146.51198208878432,-0.40244711057017074
421.69452038270583,11.498020172296332,21.30677849049168,0.18994475888469314,20.14171179337077,334.8647292583181,141.43282073634538,-0.20281540710811588
380.7253794581082,10.372004120119243,21.106919982607877,2.172042707141774,18.990057610124225,356.6581101110573,162.79838042884708,-0.39563373736049995
406.91053109470204,8.715315789432205,20.87615990097936,2.192970312797546,18.665285474288698,390.5920132488127,189.21652114583367,-0.37124022276021057
358.8004465346649,11.270458059727043,35.160056185161,4.808784899469308,19.75262910497136,274.2870301251565,98.61046599261944,0.17822127720406453
431.69080380443177,6.471535688337148,34.67296121832362,3.2739714532529534,20.56007150190207,315.1665754911367,133.58977115215316,0.19094820393134565
375.767240504053,7.941569921365977,39.31359283174301,1.9988640554684602,19.661243857155778,292.60585956398705,115.31989574050908,0.2463851226205017
372.3038751719428,10.353131257603836,25.760779494024966,3.8088591780852044,20.448453148126944,311.86480620603794,129.65033524080047,-0.1031654417695714
401.67729905552216,13.797719111066218,18.521421862674917,3.972493613090303,21.66473925005328,350.32558782621476,150.72980924201846,-0.15331938840337425
413.3818546898447,9.8528169175981,37.82505184269865,2.9200470307869097,19.515976748999563,283.6647861006008,102.34760452705369,0.294909230864449
428.40735956384856,7.206495496331705,36.65769495676665,2.620725044498588,19.002718603331733,300.0369685418474,119.96831517285268,0.14247860283011157
403.82335878257254,13.512830860886545,21.849528139428397,2.4440728448305316,18.722719765033368,323.0425024752279,130.58143285229275,-0.365546820801637
394.4826203272412,10.54066421911514,27.345592207587767,3.888739181994216,18.075943460995454,299.18407675232703,117.92191249490374,-0.260505495384738
374.53314228613795,10.431678205089817,23.939297688841208,1.4851031141804638,19.582968368588556,325.9011077530211,140.03470388311666,-0.25274932898275493
388.5351219476204,13.910094520345226,37.597611496555686,0.04070806217580655,21.181793273094154,277.2407173712004,92.0575078305068,0.546628297266909
366.4034490411599,12.406132563233363,27.209355512156776,3.7841485946198694,20.096403592915177,292.32605655333964,111.9872677552099,-0.07403501018387758
427.8862568487606,9.708322035694387,23.70064231551737,3.5359302134710817,18.746324215727842,327.88342371419276,138.91222087987546,-0.25934639498568784
409.63566176291937,11.38823424026684,29.409075526985568,3.3855913760209813,18.828069213345234,288.6674381664483,106.86406491658494,-0.06870439683458078
420.2710033586222,10.866244828997882,23.08901980671031,4.5159651117029,18.799554741724364,324.20701056143787,134.6167165574596,-0.28612138192368647
395.98958506636353,13.374546592249608,18.406577124043334,0.9716197477415168,18.943745592529,353.77297474419703,154.49097950449882,-0.48433562871887764
360.4587282328949,13.081659840580256,29.177015093866306,1.9256838098600262,18.29903072770326,282.49705265805517,103.68498908140269,-0.20684327826628307
414.4150648086456,12.351498458891182,17.77561455301862,3.013137601573648,18.059146494969777,363.9149403784051,162.23304700968862,-0.5625161964028411
388.2847162899465,8.61665974212724,27.072592975709316,4.468968743646004,21.11257272479528,320.6316761092229,137.90590651241254,0.01133936142114057
405.54738634303675,12.079109023063676,14.455775890071578,4.144707972532109,17.931247023679376,413.01929512083484,199.87799743101607,-0.6984405542312582
356.82304642361527,7.133388253275237,31.172679934111255,2.4372196140378377,19.219775398156557,350.85467487600164,164.48101067318177,-0.10895227454212335
416.77399280199654,8.192345019957925,30.683908260049314,2.1823988070662983,21.22239878205524,301.503711518328,121.75647693870137,0.1560654445481981
386.68562488230657,8.116931547347365,26.060695593954865,1.7462939718217094,18.731172525057005,343.670395768255,156.27357766185435,-0.250253057075341
411.6454661251361,10.683131670968791,37.14420798654528,4.2344007806913115,19.737495356339068,281.5659882052984,99.56489263618043,0.31630189026652145
378.73336247611104,12.128070509053508,30.271264193794735,1.4723512863991624,21.261118773486583,282.1073093379524,103.03236209373543,0.1976447062550155
406.2402949701605,7.475992338913173,24.08590763472894,2.6884676498545055,20.770084102057197,397.86427902984025,196.85675159372278,-0.08299293673945811
390.8488378839217,11.56335640150419,31.753254502790902,1.1147732828189032,19.107624441534835,280.8135925511595,101.53169053602765,0.02762937543326189
411.0855096495266,12.903814019619709,10.173382764197413,0.3098286086217367,20.530186551088086,469.5147649182567,239.61115897346934,-0.5470721170014103
363.73275604984866,12.4926809412346,29.555058144190145,3.6806760667375404,19.608647718446427,282.5326970659616,104.24671657498293,-0.038027548357659875
412.79239532198534,6.217485519741219,30.72215017214864,0.5875714816280104,20.805655681181964,360.40197027859534,170.182454214578,0.08582259111898237
393.5593983277953,13.758411719381412,31.260118721545716,0.8797002425278054,19.231133468668826,280.26988526229337,97.26223530585922,0.07874234454708971
404.12006040307193,13.202022466752302,34.90064786742815,0.985755462204436,19.189129030469196,278.8241395771207,94.5289771455136,0.24441588313310061
393.012859528439,13.952558221494197,35.78181087696799,1.4160232921150309,20.57322448441402,277.1900757160028,92.57316516077482,0.43986659082099927
377.38716592541687,12.931730279318579,16.592587105738023,1.5558162070586377,18.492088393886455,384.9287919916907,179.92384869068235,-0.6370523313260311
396.8671020807829,7.939576117017538,23.36377151832756,2.256781780854041,20.68390351349605,392.9550577137835,192.94527612611114,-0.1219905089881269
410.4269068189492,8.397873087572052,23.128701116629088,2.098311862848841,21.672752616633638,360.8551155397675,167.30396849756457,-0.020586139751759536
427.7763481292298,11.77853428622985,39.344515455949505,3.4816296354146385,21.361999504377017,285.7697934189965,97.50269834129577,0.5609910252987442
361.41466027357654,11.856526043861654,29.65651996530014,0.1329816683485244,19.82727997708542,283.7072839376499,106.30357499000756,-0.02553244813046967
363.90583638379115,9.461088306233911,35.63626743287819,4.3797498485097766,21.541376508495176,281.14045696883665,106.31462803998467,0.30869037886915757
408.5324414484686,7.37869680352436,37.52420079794911,1.0411198796225989,19.644574627319436,297.9730181629445,119.023413553474,0.20580393815044623
425.6073647691792,12.044905013712256,38.45826118102094,1.1694936744393163,20.495511806610665,284.37580420022925,96.72150055485635,0.4931525159775183
426.324619837121,13.183355483349526,39.979681663030114,4.3189831444188105,18.215923491079657,287.1631169610127,95.19858051477571,0.4204907274262897
386.4171194340212,12.804276655480288,14.298140748900206,1.5957122915892668,18.263135457649394,418.99201861084873,204.59030246515104,-0.720487421783828
405.3115159348252,7.260642317699763,35.02381473827708,1.1266073391983633,19.05567040551557,302.00190278156526,123.53333103408713,0.0667676892225811
425.0352440246349,10.203035099304067,32.80385554161108,2.2129658467198063,18.69527727299148,285.45679701044645,104.36451395701434,0.04886142570564931
425.2452251062263,7.784728340040306,30.125575908549532,4.077020091903951,19.849381338807998,308.4613130158869,127.37786085919399,0.02072225776098434
419.31936189073417,6.134954116186297,36.71805899498037,4.895770700391923,20.34169918976311,322.88218904216404,140.18231995906788,0.21200904522871658
394.037191268199,10.449560115423713,33.235361508939654,3.313394884102858,21.27624206470358,281.2521996906462,103.08708837103171,0.28093400614824776
430.3441756161816,12.532322016618785,12.408343572583776,3.1981649564380317,19.903700003274253,422.49257795408624,203.9978696744449,-0.5098951119275562
401.3385614824924,11.068126272310032,24.390553204756557,1.3936729414655469,21.319416835594154,314.0209033716908,127.98940767287256,-0.00599323364558338
390.02951910618424,9.266653290529057,29.0838469004292,3.255500420540895,18.55916964067471,299.4172646044301,120.37093238060677,-0.1674021332638789
370.4712614587917,10.815609372290321,22.615002737344938,1.9856819218531245,19.780650634975483,335.8284273531796,147.217709281197,-0.2819362668733955
403.0450073029944,7.820843514383632,24.64771427839699,1.6546032758184162,19.889650949971102,364.67963404862377,171.61306904267636,-0.15412286422644278
376.74251383301197,7.863697324520447,36.30080849091701,4.032015125420645,21.507773403943922,294.0574017181145,117.8220603138468,0.28042329838963104
388.8217094821727,9.140266364612732,28.30701458464286,2.3207459839685454,17.864421206547657,304.85869713370545,124.91300173719686,-0.2652062516737754
385.5389681524422,7.404938157454219,27.916063157364498,4.575176963584355,19.99708599350392,348.8356830937996,161.28133900986194,-0.08179468741854705
363.1827850750767,13.923578765395742,31.377293211286016,3.82886140054352,18.040262764427503,276.0173941857238,96.64719811433898,-0.11509026844485928
356.08097622939556,7.004086703629584,35.898737791811286,3.1074233945734564,18.634175731097805,318.42207340965984,139.3003157607065,-0.023855549521936536
430.2059751226337,9.66676269654911,31.614257938990782,1.7002295530586045,21.076980028139698,289.52756546160947,108.52249449954334,0.2194774898512072
413.5248993600776,13.2886704095735,22.999023171331814,2.079124594511656,20.387795820392498,316.0020466036346,124.76728612511091,-0.11642241432324123
416.97412515168736,9.386859602252962,27.49814485280473,4.747908494680714,18.52228220672313,305.4778912170598,123.04626162464913,-0.17875609367509013
402.25210225603166,12.770533253741363,10.516540940207301,3.67378685963013,18.243193813476406,494.17216110900125,258.73120224586216,-0.810916927986953
393.265894702334,13.598619441682683,20.34459489445821,0.7601670138521011,20.29467190820421,334.8516993188876,140.2387725090775,-0.2590347766020344
365.9090140747954,13.835898576694756,13.207134390152508,4.71465531642032,18.140526338253192,470.3211873417462,242.3732825070321,-0.8424160822806026
366.3153557180461,13.34427470087942,33.62707756511216,0.06825854599039541,20.639057042574013,273.54480273224607,94.5665451195967,0.2902603363123959
424.6082395843282,13.261059070369575,22.228398650353057,0.16662799154788455,18.702802330302188,321.96035787395573,128.35682775819245,-0.31646921941798883
426.8243543876479,11.402582853484473,25.55550767469346,2.5529331128476347,20.569740131398035,306.1408586415458,119.31851842880948,-0.006177525020915733
357.9284890630835,8.035881103503673,28.75310110568833,1.1020040257189003,20.616753750827847,333.3178634856637,150.1694838668289,-0.03745486616442026
419.06404362063023,13.140582158534436,12.57758551229581,0.782423500111553,18.196958680497964,418.3786303342035,200.77865305377827,-0.7251684845020975
389.55128671023886,6.344360820271793,34.377182680526985,0.2294460404121455,21.203386505620866,335.22277323571194,151.56368332864534,0.1895352314406446
396.6789935461434,13.70897168087906,38.63283200751664,3.174231474328746,17.94959295975666,279.6851625730304,92.71118654900646,0.30527275828050865
411.89494171517657,12.830717078787407,35.21052147515751,1.268096720575703,17.87531806730035,280.0911710907605,95.25443073944469,0.12092303927576419
383.4919974826944,6.245615195145486,31.91507218817793,2.8988129147867028,17.839988778070754,395.69927944547305,197.83891461666832,-0.1650442611807531
415.2889483177297,6.59670744384659,31.01488006469775,4.607059382650842,20.27598625772671,333.5447813803436,149.0965288612789,0.056287152327395326
384.783459436485,10.323424242403316,38.21497292226226,2.2013162203958743,19.831807787775748,279.3019417217764,100.36160751786501,0.32251202511199306
369.49860199511716,12.506679584984129,15.052053655979163,0.11754797394370009,20.31998961901557,439.05651499582336,221.27633333934537,-0.48087955709509356
422.0153908473277,11.252869284630854,25.639004468504524,3.6545737882428266,19.79403687871319,305.8774806352596,119.77159484625525,-0.09135967502384519
366.07935258204606,13.495650670224677,36.55381824960868,4.174954566148534,18.133602541998954,272.59849294026174,92.22557856422766,0.15147683314081756
371.983855931239,11.450666817597128,31.34909482380913,0.14534645951083403,21.60948797146071,280.38318811222837,103.12799596512365,0.24810885520823953
364.1895375715361,11.317174063000529,31.706488420744254,4.823166233740101,21.00034188910852,279.4915559339651,103.22450696362974,0.1816447111288952
364.7416407614515,10.984882725413872,22.482828389097513,2.331510704553239,21.45716369482834,337.1574983569997,148.3771139919401,-0.10910425406678396
422.5398586721235,12.454765076813445,28.571944517082876,4.095993509098062,19.405945673023915,291.12786600378377,105.89098069186313,-0.0018559071094306765
412.16710501522766,9.234491366255462,24.472926444690366,3.363854417407625,21.242881012130677,328.3880700054981,141.23708658608112,-0.016764266356170204
410.14760623568964,11.174167873247818,16.72270946282931,3.4521861880650997,20.6541308738432,390.75015036195055,184.635435870947,-0.3095862643591608
358.307949355544,11.193890793138582,32.67429416554928,0.15377383714818751,20.58210893563644,277.5466537773553,102.15406064825102,0.16124054691525655
359.893924154763,12.378235705381451,26.44332127071075,4.355408538247349,21.21187718934356,296.47298352551456,115.80506722845759,0.013876640441975075
415.5913681577923,10.711387873824535,34.036402683595114,1.3351092879022342,19.910846676460345,282.16618531291414,101.1561208207222,0.2151717404160425
416.0148239464996,6.935589195974986,35.66451030722094,2.852834225544418,19.37542404126908,305.44595273493053,125.885253464448,0.12051624269298292
374.7629400827527,9.283873913895807,32.97197963725745,0.8167109101855907,18.23236661726257,286.2697727860976,110.59682087275033,-0.09175934011637144
403.57375097556576,10.49544831842762,28.010326234282616,2.2637672374433557,18.111445143782912,296.3371690154565,115.04174158335549,-0.21698114745504035
423.68030299098155,11.281298650037591,27.82546908388168,3.2079003902685246,19.434573962591426,295.6774457922719,111.54484761047618,-0.04629311661601341
359.6872832438366,7.597541299470327,29.85789075686858,1.7186616092269769,19.814365398000575,337.0111641167694,153.3939298882526,-0.0835338458687649
356.11362047561124,9.864429305979654,28.867200996155745,4.8455320901511385,20.299964717045665,298.6713959460523,121.29889288350346,-0.04700068675563589
373.2838695274505,7.774893514121644,34.3252039922167,1.9483801180459401,20.981501654917402,299.2611291550683,122.83516828467972,0.1855597219629112
404.6889193397099,12.750391376997937,26.18719462790688,3.4678139857007704,21.498081732496427,298.30819612527836,112.81229479771902,0.11072895347772578
382.8875186732076,6.879864603414408,38.40164270108791,4.783319866252796,21.077317216706803,308.5025152325122,129.399427629628,0.28384434194264013
428.54553385228496,7.913601653076593,26.247582221245494,4.275041649647254,19.62803699250808,331.7051568923297,144.9916907337941,-0.10299521537851188
419.69433098774647,9.9263627842065,17.850317847326373,3.119688087337739,20.155459992892837,394.1166066252647,188.7383146164492,-0.3034911338562337
390.4555269434611,12.690937147133258,19.16926177371748,3.2920533287192653,20.461737024723746,350.59819246229654,153.71544742368025,-0.2882714332226003
427.18870925385534,6.616185539593206,30.433036950811573,4.918910719629437,19.965432974480322,332.6798866372414,147.82044187962936,0.02893915287041064
424.2998588012252,13.394949630720767,32.88250566853607,1.9205247111962613,19.71817873454238,283.18133750085985,96.48082018785256,0.23928206114092795
433.2659164446556,9.118700106797313,22.55844112637601,0.36846158508568533,21.47879247703221,344.6658228128342,152.31047824193098,-0.0265947400478434
380.99493712070233,10.139490068922864,22.797602915945724,3.3526288151226824,18.45833443609571,339.53769193797274,150.316470035048,-0.39752834230740447
382.4135511079389,9.772275180168897,27.00169121374112,3.901433963967693,19.543650579377974,307.25715850663175,126.26962981435351,-0.14531900985705914
389.7790318796632,9.341768945998602,37.279977878163734,3.7360982327008574,18.292319111053043,282.60418113581363,104.8524346528585,0.10804246562908852
428.8998304051761,11.351914861650606,17.025579288985604,1.8131340694617233,19.15503775143017,378.3853555031501,173.65271914157566,-0.43211386665156126
391.55509451443817,13.675134320204105,25.380701526173972,1.2498403980166353,21.430764688463128,299.94204723261305,113.78444613553627,0.07039110862986961
381.9319328398224,10.653042218185485,24.73669472838799,1.0094728927956593,20.88439731313126,315.68655660577383,131.40171740254206,-0.07261128020793
397.94843830138666,10.226708837871048,20.86147422572956,4.130255934431737,20.75686893846367,355.101492868878,160.64003136822652,-0.18737914271323272
407.78412648683354,11.759018752412356,21.876819668501753,1.609484810701531,19.680718052120966,329.1571040734668,137.79216618083544,-0.25309759127867104
355.7865277602315,13.81070886015757,37.66273003737986,0.3823237856090672,18.8298957177116,271.29491377476813,91.1484910194237,0.28338843477401104
433.6251473208117,11.116843250566582,27.280529625045492,3.339547757125825,19.132900182160697,299.16627942137075,113.77761866144324,-0.08521723122604635
374.8939729539178,11.879996625793805,26.29219119087456,4.763167059272129,19.556317176849817,298.8895276221113,117.17843238753595,-0.16298382665765146
406.0413032920703,7.183535301404326,25.83496594995342,3.038382094808279,18.025177987344357,378.3372940748868,182.73388382793044,-0.2814304274533259
417.6698154037782,9.0546750156931,37.01454424426444,4.705059235439401,21.42234748193288,286.19068713799504,106.0375054416917,0.3690479462859715
394.94064103922494,13.696883378348474,39.71170412650858,0.027583678401712594,20.59617917830871,280.5893599201238,92.82209057573661,0.5932176473845431
415.0232655071269,9.362557037226532,25.242049222725083,0.8555907204748808,21.103030754190108,320.2982177313317,134.6598146397892,-0.0027649669336408857
429.18538413931196,6.957079746573381,28.45989237834103,0.3293534525338383,21.327143756776838,336.82218160675916,150.4409179178966,0.09497633370174416
367.95585582270894,12.254789658986063,25.733625972502676,1.0553422433576878,20.97539105144673,300.8099106120355,118.67167668935608,-0.02931632387711482
371.3803623835576,10.932904383662969,24.51879602632271,2.792121112388302,21.741727989070178,316.5947205360791,132.4452452902617,0.0002217450408536545
432.6772769632373,11.969656802489432,32.385934049091446,2.2361026070094043,18.181837436642866,284.8342366803448,99.90082151475691,0.03400383780178903
368.07427840013924,7.171668418348791,28.44855047539744,2.8284965284840786,19.42025834178206,394.4065302065088,196.63968214799303,-0.14554473420038788
378.9050242299497,9.024956658494066,27.69669618728693,1.7757650410437371,21.39142719562373,311.6545614403142,131.00823634897586,0.05045128792580151
400.0228348660005,6.077457696480874,35.091619499558476,1.8590365832002869,20.490228623822794,339.17415860326304,154.24328646759696,0.1580601074501777
