,$W_0$,$W_f$,$\Delta S_{wlan}$,$SM_{fwd}$,$SM_{aft}$,$C_{Lv}$,"$f_{nlg,fwd}$","$f_{nlg,aft}$",$\alpha_{tip}$,$\alpha_{tail}$,$\phi_{ovt}$,$V_{tank}$
$S_w$,0.04250697555936313,-0.1893898395317801,3.539901488578011,1.5330691178482567,5.8003218461928,-0.49315080917439175,-1.6303940765205267,-1.6579927461463795,-1.5973261778494823,0.0,-0.08431920305640411,1.4999749981247286
$AR_w$,-0.18327505887527576,-0.5232755977287656,0.5520247033205968,1.0089367664124727,2.320540624679704,-0.2847257094227597,-0.4178991443442073,-0.2996979889300215,-0.2887355311638701,0.0,-0.021612216505228984,-0.5001250393884122
$\lambda_w$,0.005511237497506916,0.005204824716844022,-0.09563725609205534,0.2272642120623366,0.49752517685542463,-0.033637346390894385,-0.053569564104295905,-0.01799831938042047,-0.017339817792062503,0.0,-0.002770428926331894,-0.17786491112544706
$\Lambda_w$,-0.21703143541625253,-0.5280707699991363,-0.35627477308027156,3.930232294581203,12.025489727341814,-0.14428025455985458,-2.0937496296943148,-1.5572792152455166,-1.5003378252916106,0.0,-0.10828001767103372,0.0
$\delta_w$,0.0,0.0,0.0,0.0,0.0,0.0,0.0,0.0,0.0,0.0,0.0,0.0
"$x_{r,w}$",0.0,0.0,0.0,4.496111040844835,19.585998628131463,0.0,-5.115314414279658,-3.087886176835697,-2.9747479735625735,0.0,-0.2645486053734259,0.0
"$z_{r,w}$",0.0,0.0,0.0,0.01625418187656085,0.03541126645104761,0.0,0.0,0.0,0.0,0.0,0.0,0.0
"$(t/c)_{r,w}$",-0.04323492190793602,0.04525683993023113,0.10819997723584682,0.15562947956276554,0.05587418282085002,0.04322848768981964,0.11174740420040229,0.030112543361035023,0.029010813402301334,0.0,0.005779178433217797,0.9176939771872522
"$(t/c)_{t,w}$",0.15576578206503225,0.2938598024726675,-0.3898203889311442,-0.05852974043960474,0.029791754366402138,-0.15573523416344218,-0.04202639873258248,0.016055814150086684,0.01546835971766337,0.0,-0.002173462664797949,0.0823120674584628
$C_{ht}$,0.050679675166366824,0.080426366330721,-0.1268312617979804,1.170560460991953,2.4063373891795767,-0.050679730491330434,-0.09221651224911206,-0.22831086661062341,-0.2199574919932775,0.0,-0.004769117079636197,0.0
$L_c/c_h$,-0.05069989111615273,-0.08045850986364701,0.126881854356271,0.34071471495398664,0.7559183624943627,0.05069789016578809,-0.006173967217895418,-0.0027449098479876448,-0.002644481176003614,0.0,-0.0003192961023543828,0.0
$AR_h$,0.0024580043170389448,0.004637274955451852,-0.00615141648029512,0.5668453511826298,1.234925411789357,-0.0024580062373947232,0.001386988537404115,0.0022676678509659523,0.002184700410392881,0.0,7.173020770370887e-05,0.0
$\lambda_h$,0.00042518989764785137,0.0008021639662031808,-0.0010640828112167824,-0.03415942653574976,-0.07436653551461295,-0.0004251900240614285,0.00028004380786759455,0.000486483446398402,0.00046868439187015246,0.0,1.4482888899436252e-05,0.0
$\Lambda_h$,-0.003704279954468624,-0.006988500325591897,0.009270353433336593,-0.562931011588143,-1.224686718220208,0.0037042872003003905,-0.0007975971804201322,-0.0003818206552607714,-0.0003678509144991573,0.0,-4.1248943629025384e-05,0.0
$\eta_h$,0.0,0.0,0.0,1.2957867166301678,2.8229934323847754,0.0,0.0,0.0,0.0,0.0,0.0,0.0
"$z_{r,h}$",0.0,0.0,0.0,0.03469642644467845,0.07558943360313448,0.0,0.0,0.0,0.0,0.0,0.0,0.0
$C_{vt}$,0.043928453298691675,0.06906074209604014,-0.10993561309179208,-0.11299294231588788,-0.37174356898090183,-1.0443470535275206,-0.08113288068712815,-0.20034555809102156,-0.19301540292176703,0.0,-0.004195910027708184,0.0
$L_b/b_v$,-0.043945929625241,-0.0690882456451472,0.10997934945235782,-0.005414683700701562,0.0012736925097017369,0.043944423100344396,-0.0038879320924272843,0.000686437259404033,0.0006613225290193472,0.0,-0.00020107030489745374,0.0
$AR_v$,0.0019068467044844617,0.0035974601187115348,-0.00477208610338857,0.0022432992834061243,0.005594502895159048,-0.0019068477877699135,0.0016107672689588293,0.003015072480864221,0.0029047597286726047,0.0,8.330326238786035e-05,0.0
$L_f$,0.4589681005276222,0.5987872587393689,-1.1486163461752505,-5.0163561231765605,-16.36792655279117,-0.4589619885113993,-3.8369010538190356,-9.205485038749563,-8.868671392853829,0.0,-0.1984278977599778,0.0
$D_f$,0.3693655797177335,0.49864525069473364,-1.2116016995162917,-0.8307281290900741,-1.7613453485673183,-0.46807138225572503,0.08677417737311761,0.16801627648860903,0.16186942752837682,0.0,0.004487655009855423,0.0
$x_n$,0.0,0.0,0.0,-1.1243095127076952,-3.517767325216296,0.0,-0.8072935148011683,-1.8958473442778685,-1.8264463262938777,0.0,-0.04175041428016013,0.0
$y_n$,0.0,0.0,0.0,0.0,0.0,1.0000000000000009,0.0,0.0,0.0,0.0,0.0,0.0
$L_n$,0.024968226646040346,0.04710509430131319,-0.062485635118602514,-0.13270455180653556,-0.43385992035920434,-0.02496825280517328,-0.09528650504789085,-0.2338222235181609,-0.22526723044579783,0.0,-0.00492788609339376,0.0
$D_n$,0.04467506357690642,0.08428405464896359,-0.11180408449271609,0.013396646811106134,0.008544436302980098,-0.04467482981470034,0.009619260504734562,0.004604894347970042,0.0044364140674738005,0.0,0.0004974746212310615,0.0
$x_{nlg}$,0.0,0.0,0.0,-0.020791986918917548,-0.06505448133514427,0.0,0.15173897955143373,0.13160800297444503,-0.03377737428194588,0.0,0.011711261243868828,0.0
$x_{mlg}$,0.0,0.0,0.0,-0.8247488144469064,-2.5804944262945546,0.0,12.64110538938715,20.989411180590817,21.275200712289564,2.064813229656482,0.6264200564729908,0.0
$y_{mlg}$,0.0,0.0,0.0,0.0,0.0,0.0,0.0,0.0,0.0,0.0,-0.563154724569385,0.0
$z_{lg}$,0.0,0.0,0.0,0.0,0.0,0.0,0.0,0.0,-0.9637508264909073,2.0525772614812854,0.5863611424215519,0.0
$x_{ts}$,0.0,0.0,0.0,0.0,0.0,0.0,0.0,0.0,0.0,-3.0518409361847185,0.0,0.0
$z_{ts}$,0.0,0.0,0.0,0.0,0.0,0.0,0.0,0.0,0.0,-1.073114070454596,0.0,0.0
$c_{tank}/c_w$,0.0,0.0,0.0,-0.44848857545807547,0.0,0.0,-0.32203046788935963,0.0,0.0,0.0,-0.01665429321546624,1.0000000000000004
$x_{tank}/c_w$,0.0,0.0,0.0,-0.44848857545807547,0.0,0.0,-0.32203046788935963,0.0,0.0,0.0,-0.01665429321546624,0.0
$b_{tank}/b_w$,0.0,0.0,0.0,-0.506845557995231,0.0,0.0,-0.36393282041162056,0.0,0.0,0.0,-0.018821516274801085,0.29596422181535886
"$c_{l,max,w}$",0.0,0.0,1.2220604158175976,0.0,0.0,0.5598979089527288,0.0,0.0,0.0,0.0,0.0,0.0
$k_{korn}$,-2.22938293925868,-4.209256869304609,5.579267236596495,-0.6425670694815447,-0.42062898412330163,2.1471982911051803,-0.4613856079256576,-0.22669161111371194,-0.21835062125466217,0.0,-0.023868237805448247,0.0
$c_{flap}/c_w$,0.025158017938503998,0.027259027610668767,1.2044562730000206,-0.002548628977961933,-0.005406690660103,0.4103791080987058,-0.001830004658223264,-0.0029138539254173865,-0.002807244087625156,0.0,-9.464146008638746e-05,0.0
$b_{flap}/b_w$,0.020039182174601194,0.02171263691606769,0.7880711240368633,-0.0020301155038324964,-0.004306667829591154,0.267967831383865,-0.001457693866342875,-0.002321013305481147,-0.002236093768436659,0.0,-7.538684546206115e-05,0.0
$c_{slat}/c_w$,0.01041970541807094,0.011289902774964566,0.23469406811153834,-0.001055549889180828,-0.002239269968835304,0.07919515929924138,-0.0007579217025687032,-0.0012068205856289056,-0.001162666403879978,0.0,-3.9197067111032834e-05,0.0
$b_{slat}/b_w$,0.0054551160907375775,0.005910684840912312,0.10594083827552689,-0.0005526304278602089,-0.0011723558575312295,0.03564158821299804,-0.0003968079567498213,-0.0006318234077383521,-0.0006087067421006731,0.0,-2.0521523874169883e-05,0.0
$M_{cr}$,1.090188103021949,2.0574044868889887,-2.7283113447258214,-0.23226451205874557,-0.9993398714700434,-1.0735055416879316,0.2309394529737497,0.11175625119489044,0.107657976211673,0.0,0.01194486104432236,0.0
$h_{cr}$,0.30146656275276956,0.5687636447355812,-0.7544520444994384,0.09024473660705065,0.0576253768381675,-0.30097702050762765,0.06479887413952198,0.031056322815473655,0.0299197841401765,0.0,0.00335121603073089,0.0
$R$,0.7992550584894231,1.507874084287208,-2.0002205466759673,0.23955848388009857,0.15283623652962267,-0.7988922206248694,0.17201136187690005,0.08236877153786716,0.07935489018071785,0.0,0.008895840241731238,0.0
$d_{TO}$,0.0,0.0,0.0,0.0,0.0,0.0,0.0,0.0,0.0,0.0,0.0,0.0
$d_{LDG}$,0.0,0.0,2.8719355021808304,0.0,0.0,0.0,0.0,0.0,0.0,0.0,0.0,0.0
$MLW/MTOW$,0.0,0.0,-2.5026060522611457,0.0,0.0,0.0,0.0,0.0,0.0,0.0,0.0,0.0
$BPR$,-0.0008052054396236233,-0.001519093722442759,0.0020151120064967566,-0.00024145495046251546,-0.00015400390005904427,0.000805205151774923,-0.0001733730911515021,-8.29980660861969e-05,-7.996139992759414e-05,0.0,-8.966251612063738e-06,0.0
$C_{ref}$,0.8548888325021027,1.6128358578832287,-2.139449966230231,0.25621945786597405,0.16347006772374473,-0.8544532548473897,0.1839745233524929,0.08809971357156843,0.08487610428502591,0.0,0.009514535255189647,0.0
$T_{max}$,0.0,0.0,0.0,0.0,0.0,1.0000000000000009,0.0,0.0,0.0,0.0,0.0,0.0
$W_{pay}$,0.3645244764717106,0.3949723961715156,-0.9122611610154261,0.05491714407684658,0.018683288936307184,-0.3645225992296201,0.03943242831581802,0.010069075193904833,0.009700673722110965,0.0,0.002039308061458766,0.0
"$x_{cg,pay}$",0.0,0.0,0.0,0.0,-5.338521141439024,0.0,0.0,-2.877114997293378,-2.7788900151675846,0.0,0.0,0.0
