eta,cl_norm,clmax_limite,razao
0.0069,0.93270,1.78280,0.52317
0.0211,0.93270,1.78153,0.52354
0.0360,0.94670,1.78019,0.53180
0.0517,0.96470,1.77877,0.54234
0.0680,0.98980,1.77727,0.55692
0.0849,1.01020,1.77569,0.56891
0.1020,1.03730,1.77407,0.58470
0.1192,1.05760,1.77242,0.59670
0.1369,1.08120,1.77069,0.61061
0.1552,1.10720,1.76887,0.62594
0.1739,1.12610,1.76698,0.63730
0.1932,1.13990,1.76500,0.64584
0.2129,1.15010,1.76293,0.65238
0.2330,1.15490,1.76079,0.65590
0.2536,1.15140,1.75850,0.65476
0.2744,1.14990,1.75535,0.65508
0.2957,1.15970,1.75208,0.66190
0.3172,1.17940,1.74869,0.67445
0.3389,1.20830,1.74518,0.69236
0.3609,1.24410,1.74155,0.71437
0.3831,1.28100,1.73779,0.73714
0.4055,1.30390,1.73438,0.75180
0.4279,1.32760,1.73102,0.76695
0.4504,1.36020,1.72756,0.78735
0.4730,1.37770,1.72400,0.79913
0.4955,1.39740,1.72034,0.81228
0.5180,1.41680,1.71657,0.82537
0.5404,1.43360,1.71270,0.83704
0.5626,1.44880,1.70873,0.84788
0.5847,1.46580,1.70466,0.85988
0.6066,1.48100,1.70050,0.87092
0.6282,1.49400,1.69595,0.88092
0.6495,1.50930,1.68811,0.89408
0.6700,1.52050,1.68027,0.90491
0.6909,1.53530,1.67205,0.91822
0.7122,1.54690,1.66327,0.93004
0.7331,1.55810,1.65436,0.94182
0.7535,1.56670,1.64592,0.95187
0.7733,1.58320,1.64194,0.96423
0.7925,1.59060,1.63790,0.97112
0.8111,1.59410,1.63385,0.97567
0.8289,1.60580,1.62977,0.98529
0.8461,1.61240,1.62570,0.99182
0.8625,1.61260,1.62163,0.99443
0.8781,1.61040,1.61680,0.99604
0.8929,1.60670,1.60754,0.99948
0.9068,1.59840,1.59849,0.99994
0.9197,1.57740,1.58973,0.99225
0.9318,1.55000,1.58125,0.98024
0.9429,1.50800,1.57312,0.95860
0.9531,1.46550,1.56542,0.93617
0.9623,1.39370,1.55821,0.89443
0.9706,1.30460,1.55156,0.84083
0.9779,1.19530,1.54556,0.77338
0.9841,1.06090,1.54025,0.68879
0.9894,0.90510,1.53572,0.58937
0.9936,0.73310,1.53201,0.47852
0.9967,0.54040,1.52918,0.35339
0.9988,0.33180,1.52728,0.21725
0.9999,0.11450,1.52632,0.07502
