washout_deg,it_fwd_deg,it_aft_deg,CLmax_fwd_livre,CLmax_fwd_trim,CLmax_aft_livre,CLmax_aft_trim,alpha_max_deg,eta_estol,eta_plat_ini,eta_plat_fim,CLmaxTO_disp,folga_TO,CD_cruzeiro_fwd,e_fwd,penal_CD_pct
+0.0,-3.430,-1.959,0.8640,0.8535,0.8769,0.8821,5.99,0.9068,0.793,0.932,1.7749,-0.2128,0.020810,0.6725,+0.00
-1.0,-3.100,-1.629,0.9034,0.8906,0.9163,0.9203,6.71,0.8929,0.773,0.932,1.8120,-0.1757,0.020440,0.7173,-1.78
-2.0,-2.771,-1.300,0.9411,0.9261,0.9538,0.9569,7.42,0.8461,0.754,0.932,1.8475,-0.1402,0.020200,0.7568,-2.93
-3.0,-2.444,-0.972,0.9753,0.9583,0.9881,0.9900,8.08,0.8461,0.733,0.920,1.8797,-0.1080,0.020090,0.7882,-3.46
-4.0,-2.117,-0.646,1.0094,0.9903,1.0221,1.0231,8.75,0.8461,0.691,0.920,1.9117,-0.0760,0.020100,0.8094,-3.41
-5.0,-1.792,-0.320,1.0424,1.0214,1.0550,1.0551,9.41,0.7733,0.649,0.907,1.9428,-0.0449,0.020220,0.8184,-2.84
-6.0,-1.467,0.006,1.0704,1.0476,1.0829,1.0821,10.01,0.7733,0.585,0.893,1.9690,-0.0187,0.020470,0.8145,-1.63
-7.0,-1.143,0.330,1.0982,1.0738,1.1106,1.1090,10.61,0.7733,0.495,0.878,1.9952,+0.0075,0.020840,0.7983,+0.14
-8.0,-0.819,0.654,1.1256,1.0996,1.1380,1.1356,11.20,0.7331,0.450,0.862,2.0210,+0.0333,0.021330,0.7712,+2.50
