geracao,n_eval,n_frente,f1_min,f2_min,W0_min_kgf,Wf_min_kgf,n_viaveis
1,100,1,1.0017739974211242,1.0015081512116442,287071.66670361056,109475.76632482366,0
2,200,1,1.0017739974211242,1.0015081512116442,287071.66670361056,109475.76632482366,0
3,300,1,1.0017739974211242,1.0015081512116442,287071.66670361056,109475.76632482366,0
4,400,1,1.0027195717089772,1.0066772792910785,287342.6335958486,110040.80841364004,0
5,500,1,0.9993843204212904,1.0002596637724144,286386.87296670827,109339.29302803497,0
6,600,1,0.9993843204212904,1.0002596637724144,286386.87296670827,109339.29302803497,0
7,700,1,1.0045448637463508,1.0115391589392146,287865.69531310076,110572.26489715923,1
8,800,1,1.0006456659349683,0.9986337438538785,286748.32830477133,109161.56224386796,1
9,900,1,0.9978530119145395,0.9924128479254861,285948.0561413544,108481.55045548281,1
10,1000,1,0.9978530119145395,0.9924128479254861,285948.0561413544,108481.55045548281,1
11,1100,1,0.997154154470891,0.9913005740538864,285747.78924317885,108359.96678758241,1
12,1200,1,0.997154154470891,0.9913005740538864,285747.78924317885,108359.96678758241,1
13,1300,1,0.9952339097512339,0.9889904890094978,285197.5175715545,108107.44929163992,1
14,1400,1,0.9951519310844181,0.9881678644684619,285174.0254939227,108017.52745533879,1
15,1500,1,0.9942101517659663,0.9853774961565115,284904.1461006554,107712.50975886801,1
16,1600,2,0.9942101517659663,0.9839466068184046,284904.1461006554,107556.09794471976,2
17,1700,2,0.992813092044398,0.9823770117811678,284503.8000507604,107384.52408452376,2
18,1800,2,0.992813092044398,0.9823048953109623,284503.8000507604,107376.64096761569,2
19,1900,1,0.9919767571175709,0.9806159297364183,284264.1371507602,107192.01860548538,1
20,2000,2,0.9910464316684112,0.9773190637700054,283997.5400161225,106831.63519002678,2
21,2100,2,0.9910464316684112,0.9773181964409284,283997.5400161225,106831.54038149702,2
22,2200,1,0.9882082612058242,0.9670554903889003,283184.22451064794,105709.71465471394,1
23,2300,1,0.9882082612058242,0.9670554903889003,283184.22451064794,105709.71465471394,1
24,2400,1,0.9882082612058242,0.9670554903889003,283184.22451064794,105709.71465471394,1
25,2500,1,0.9882082612058242,0.9670554903889003,283184.22451064794,105709.71465471394,1
26,2600,1,0.9882082612058242,0.9670554903889003,283184.22451064794,105709.71465471394,1
27,2700,1,0.9882082612058242,0.9670554903889003,283184.22451064794,105709.71465471394,1
28,2800,1,0.9880255257065725,0.9668358703690105,283131.85922219855,105685.70779071726,1
29,2900,2,0.9873151977067769,0.9655661933476539,282928.30528355314,105546.91824144612,2
30,3000,1,0.9870015899331817,0.9654805088169788,282838.4368037474,105537.55198751549,1
31,3100,1,0.9862041767029583,0.963035964778545,282609.92743372876,105270.33665671808,1
32,3200,1,0.9861921522285225,0.9630249115508794,282606.4816606039,105269.12841835518,1
33,3300,1,0.985490081285491,0.9628583890872384,282405.29389142734,105250.92569649483,1
34,3400,2,0.985490081285491,0.9623396347786909,282405.29389142734,105194.22019150833,2
35,3500,2,0.985490081285491,0.9618255465066897,282405.29389142734,105138.02473521788,2
36,3600,2,0.9851352668123757,0.9616239627592489,282303.6170836544,105115.98943255658,2
37,3700,2,0.9851352668123757,0.9616239627592489,282303.6170836544,105115.98943255658,2
38,3800,2,0.9847408506209802,0.9609866892503103,282190.5918766413,105046.3284860479,2
39,3900,2,0.9847408506209802,0.9609866892503103,282190.5918766413,105046.3284860479,2
40,4000,2,0.9847408506209802,0.9609866892503103,282190.5918766413,105046.3284860479,2
41,4100,1,0.9833840813221844,0.9591563372063593,281801.79158342123,104846.25104043417,1
42,4200,1,0.9833809385355593,0.959155959750927,281800.89097610174,104846.20978043778,1
43,4300,3,0.9833809385355593,0.9587908712840993,281800.89097610174,104806.3016282835,3
44,4400,3,0.9833809385355593,0.9585727563626183,281800.89097610174,104782.45928796193,3
45,4500,3,0.9832315761343862,0.9585727563626183,281758.0891929071,104782.45928796193,3
46,4600,3,0.9829032498333672,0.9582156854777125,281664.0029232507,104743.42754497507,3
47,4700,3,0.9829032498333672,0.9575767771994476,281664.0029232507,104673.5879003454,3
48,4800,1,0.9824563221017285,0.9568188401841367,281535.92983576003,104590.73711627867,1
49,4900,2,0.9820326176070738,0.9553234693231824,281414.51167579234,104427.27676825781,2
50,5000,2,0.9820326176070738,0.9553234693231824,281414.51167579234,104427.27676825781,2
51,5100,2,0.9820209966312174,0.9553234693231824,281411.1815305536,104427.27676825781,2
52,5200,2,0.9818098881890094,0.9553234693231824,281350.6855978224,104427.27676825781,2
53,5300,2,0.9817260830499462,0.9551608393174219,281326.6701202685,104409.4995345064,2
54,5400,1,0.9814340966969551,0.9538564665521218,281242.99754619127,104266.91736192827,1
55,5500,1,0.9809536876900726,0.9529023164119056,281105.3299538398,104162.61834283119,1
56,5600,1,0.9808922229126661,0.9528776095855217,281087.71640413796,104159.91761718201,1
57,5700,3,0.9808922229126661,0.9523663520338365,281087.71640413796,104104.03158950228,3
58,5800,1,0.9795155013937159,0.9489111603741321,280693.19853678544,103726.34144860064,1
59,5900,1,0.9795155013937159,0.9489111603741321,280693.19853678544,103726.34144860064,1
60,6000,2,0.9795155013937159,0.9489111603741321,280693.19853678544,103726.34144860064,2
61,6100,2,0.9795155013937159,0.9489111603741321,280693.19853678544,103726.34144860064,2
62,6200,1,0.9793006823105697,0.9485830837752126,280631.6392705265,103690.47909736914,1
63,6300,1,0.9793006823105697,0.9485830837752126,280631.6392705265,103690.47909736914,1
64,6400,1,0.9793006823105697,0.9485830837752126,280631.6392705265,103690.47909736914,1
65,6500,1,0.9793006823105697,0.9485830837752126,280631.6392705265,103690.47909736914,1
66,6600,1,0.9791499797425618,0.9483476158141828,280588.4534446956,103664.73988052153,1
67,6700,1,0.9785748751954915,0.9474454196960341,280423.6495854606,103566.1200028,1
68,6800,1,0.9785748751954915,0.9474454196960341,280423.6495854606,103566.1200028,1
69,6900,2,0.9785748751954915,0.9470831571171281,280423.6495854606,103526.52075102301,2
70,7000,2,0.9785748751954915,0.9470831571171281,280423.6495854606,103526.52075102301,2
71,7100,1,0.9784905655093581,0.9457155708102117,280399.4895232311,103377.02864875318,1
72,7200,2,0.9783289956178942,0.9456452342207214,280353.1895212835,103369.3400922239,2
73,7300,4,0.9783289956178942,0.9443918387103366,280353.1895212835,103232.33028971609,4
74,7400,2,0.9782946972833718,0.9443918387103366,280343.3608772162,103232.33028971609,2
75,7500,1,0.9768781118394723,0.939363993670808,279937.41947181424,102682.73197841035,1
76,7600,1,0.9768781118394723,0.939363993670808,279937.41947181424,102682.73197841035,1
77,7700,1,0.976800767501923,0.9392372500512111,279915.2554228895,102668.87751814921,1
78,7800,1,0.976800767501923,0.9392372500512111,279915.2554228895,102668.87751814921,1
79,7900,2,0.9767547314556609,0.9392372500512111,279902.06318136305,102668.87751814921,2
80,8000,2,0.9767547314556609,0.9392372500512111,279902.06318136305,102668.87751814921,2
81,8100,2,0.9767547314556609,0.9392372500512111,279902.06318136305,102668.87751814921,2
82,8200,2,0.9760992512663283,0.9382944456317311,279714.22661250894,102565.81871009845,2
83,8300,2,0.9760977812425717,0.9382543265853653,279713.80535764404,102561.4332606742,2
84,8400,2,0.9760977812425717,0.9382543265853653,279713.80535764404,102561.4332606742,2
85,8500,1,0.9757724746641436,0.9377132294276912,279620.5844296709,102502.28543854125,1
86,8600,1,0.9757724746641436,0.9377132294276912,279620.5844296709,102502.28543854125,1
87,8700,2,0.975249470817784,0.9375814603257935,279470.71071937954,102487.88163824193,2
88,8800,2,0.975249470817784,0.937285845886817,279470.71071937954,102455.56775522014,2
89,8900,3,0.975249470817784,0.9370054047002533,279470.71071937954,102424.91247421123,3
90,9000,3,0.975249470817784,0.9369955251725856,279470.71071937954,102423.83253406192,3
91,9100,4,0.9750102650246508,0.9369955251725856,279402.1631169296,102423.83253406192,4
92,9200,4,0.9750102650246508,0.9369955251725856,279402.1631169296,102423.83253406192,4
93,9300,2,0.9749484334960207,0.9364264786024282,279384.44446978526,102361.62953624595,2
94,9400,3,0.9745370291849549,0.9364264786024282,279266.55109106837,102361.62953624595,3
95,9500,3,0.9745370291849549,0.9364264786024282,279266.55109106837,102361.62953624595,3
96,9600,5,0.9745370291849549,0.9363846256995022,279266.55109106837,102357.05455738513,5
97,9700,4,0.9745139534331524,0.9363843512405936,279259.93842738634,102357.02455603237,4
98,9800,3,0.9745139534331524,0.9352166313281997,279259.93842738634,102229.38003101533,3
99,9900,1,0.9739777792764027,0.9348426581606831,279106.29058943305,102188.50068415306,1
100,10000,2,0.9736872906583979,0.9348426581606831,279023.04721124226,102188.50068415306,2
101,10100,2,0.9736872906583979,0.9348426581606831,279023.04721124226,102188.50068415306,2
102,10200,2,0.9736872906583979,0.9348241872241433,279023.04721124226,102186.48160929081,2
103,10300,5,0.9736872906583979,0.9348236558204845,279023.04721124226,102186.42352107387,5
104,10400,6,0.9736872906583979,0.9345916527964969,279023.04721124226,102161.06305964377,6
105,10500,4,0.9736872906583979,0.9342250509217638,279023.04721124226,102120.98947549573,4
106,10600,4,0.9736872906583979,0.9342250509217638,279023.04721124226,102120.98947549573,4
107,10700,3,0.9735378592993607,0.9342250509217638,278980.22566725424,102120.98947549573,3
108,10800,3,0.9735378592993607,0.9342250509217638,278980.22566725424,102120.98947549573,3
109,10900,1,0.9734655384368512,0.9332255979341185,278959.5011619352,102011.73836096837,1
110,11000,2,0.9734655384368512,0.9332211217971883,278959.5011619352,102011.24907037197,2
111,11100,2,0.9734655384368512,0.9332211217971883,278959.5011619352,102011.24907037197,2
112,11200,1,0.973405148003347,0.9330338362743258,278942.1954797717,101990.77671963563,1
113,11300,1,0.973405148003347,0.9330338362743258,278942.1954797717,101990.77671963563,1
114,11400,2,0.9731885330467986,0.9328389934042564,278880.12158209685,101969.47826840688,2
115,11500,1,0.9731199594029939,0.9324618757281827,278860.4708921512,101928.25519245602,1
116,11600,1,0.9731199594029939,0.9324618757281827,278860.4708921512,101928.25519245602,1
117,11700,3,0.9731199594029939,0.931978020034797,278860.4708921512,101875.36448681379,3
118,11800,3,0.9731199594029939,0.931978020034797,278860.4708921512,101875.36448681379,3
119,11900,1,0.9728317500890995,0.931413943648449,278777.88067887735,101813.70478430764,1
120,12000,1,0.9728270589548162,0.9314062775837781,278776.53637193696,101812.86679981045,1
121,12100,2,0.9728216127251095,0.9314062775837781,278774.9756823571,101812.86679981045,2
122,12200,2,0.9727030066107215,0.9313914733766182,278740.9875223267,101811.24853846958,2
123,12300,3,0.9725923934085414,0.9312975713724974,278709.28983762837,101800.98402504736,3
124,12400,1,0.9724511854287322,0.9300005844437239,278668.8248123632,101659.20920497329,1
125,12500,1,0.9724511854287322,0.9300005844437239,278668.8248123632,101659.20920497329,1
126,12600,2,0.9723858902175236,0.9300005844437239,278650.11360089463,101659.20920497329,2
127,12700,2,0.9723858902175236,0.9300005844437239,278650.11360089463,101659.20920497329,2
128,12800,1,0.9720767382414974,0.9290356787927007,278561.52198916284,101553.73449121372,1
129,12900,2,0.9718031145610669,0.9290356787927007,278483.11148320744,101553.73449121372,2
130,13000,2,0.9718031145610669,0.9285539599695855,278483.11148320744,101501.07736880306,2
131,13100,2,0.9718031145610669,0.9285539599695855,278483.11148320744,101501.07736880306,2
132,13200,2,0.9717980843382145,0.9285539599695855,278481.6700059262,101501.07736880306,2
133,13300,3,0.9717835823241819,0.9284122764343046,278477.5142608684,101485.58981277896,3
134,13400,3,0.9716022870452498,0.9284122764343046,278425.56168671243,101485.58981277896,3
135,13500,2,0.9716021036942244,0.928398221608721,278425.5091450368,101484.05346701936,2
136,13600,3,0.9715305035927755,0.9283981385631713,278404.99118338875,101484.04438923483,3
137,13700,5,0.9713441018574586,0.9283981385631713,278351.5752862187,101484.04438923483,5
138,13800,3,0.9713441018574586,0.928054722258375,278351.5752862187,101446.50524081099,3
139,13900,6,0.9713441018574586,0.92768646977343,278351.5752862187,101406.25122696038,6
140,14000,1,0.9713335252854494,0.9276594392651426,278348.54442879726,101403.29649753025,1
141,14100,3,0.971167555488983,0.9276576705286913,278300.98357553425,101403.10315534106,3
142,14200,2,0.971167555488983,0.9270683869453553,278300.98357553425,101338.68803122021,2
143,14300,1,0.9709903203601957,0.9267847395543285,278250.19449141907,101307.68227708718,1
144,14400,2,0.9709185831148934,0.9267847395543285,278229.63722937525,101307.68227708718,2
145,14500,3,0.9708929993042267,0.9267835459692002,278222.3058480581,101307.5518052119,3
146,14600,5,0.9708178459405863,0.9267003836407117,278200.769651856,101298.46125549484,5
147,14700,1,0.9702792693063028,0.9249921399542618,278046.4333520025,101111.73158542934,1
148,14800,1,0.9702792693063028,0.9249921399542618,278046.4333520025,101111.73158542934,1
149,14900,2,0.9702792693063028,0.924331244802055,278046.4333520025,101039.48853562423,2
150,15000,2,0.9702792693063028,0.924317787956201,278046.4333520025,101038.01755557241,2
151,15100,3,0.9702184974868793,0.9242846748264816,278029.0183786298,101034.39792926477,3
152,15200,4,0.9702184974868793,0.9242846748264816,278029.0183786298,101034.39792926477,4
153,15300,3,0.9700713767768363,0.9242846748264816,277986.85898185236,101034.39792926477,3
154,15400,4,0.9700713767768363,0.9242846748264816,277986.85898185236,101034.39792926477,4
155,15500,4,0.9699915643226156,0.9242846748264816,277963.98766125925,101034.39792926477,4
156,15600,3,0.9699915643226156,0.9240669690301139,277963.98766125925,101010.6003107812,3
157,15700,6,0.9699915299504441,0.9239681520409124,277963.97781145625,100999.79853587237,6
158,15800,1,0.9695493519602982,0.9229492196210716,277837.26582558156,100888.41810690599,1
159,15900,1,0.9695493519602982,0.9229492196210716,277837.26582558156,100888.41810690599,1
160,16000,1,0.9694048191115273,0.9226731805511283,277795.84801488084,100858.24402526616,1
161,16100,1,0.9694048191115273,0.9226731805511283,277795.84801488084,100858.24402526616,1
162,16200,1,0.9693347202369805,0.9225084341856428,277775.76024977415,100840.23545030953,1
163,16300,1,0.9693347202369805,0.9225084341856428,277775.76024977415,100840.23545030953,1
164,16400,2,0.9693347202369805,0.9224795843659019,277775.76024977415,100837.08185029076,2
165,16500,1,0.9692057422528468,0.9217859568617952,277738.7998924794,100761.26079734757,1
166,16600,2,0.9691757997148566,0.9217859568617952,277730.2194598585,100761.26079734757,2
167,16700,2,0.9691757997148566,0.9217711989159337,277730.2194598585,100759.64759287129,2
168,16800,1,0.9689542445107014,0.9214656475977191,277666.72986850614,100726.24750054789,1
169,16900,2,0.9689542445107014,0.9211258221800408,277666.72986850614,100689.10087525884,2
170,17000,2,0.9689542445107014,0.9211258221800408,277666.72986850614,100689.10087525884,2
171,17100,2,0.9689439344909346,0.9211258221800408,277663.775395176,100689.10087525884,2
172,17200,2,0.9689439344909346,0.9211119018302647,277663.775395176,100687.57922917197,2
173,17300,2,0.9687785430509698,0.9210298562758581,277616.380277663,100678.6107550449,2
174,17400,1,0.968679715107405,0.9208061783340338,277588.05981561367,100654.16031591312,1
175,17500,1,0.9686795934408104,0.9208060449847153,277588.0249504323,100654.14573937791,1
176,17600,1,0.9685537082144768,0.9203159504539222,277551.95086403156,100600.57306074792,1
177,17700,1,0.9685166034641894,0.9202584555795187,277541.31800418993,100594.2882437672,1
178,17800,1,0.9685166034641894,0.9202584555795187,277541.31800418993,100594.2882437672,1
179,17900,1,0.9684673211456177,0.9201851237543079,277527.19550014427,100586.2722752988,1
180,18000,1,0.9684401893350693,0.9201074874634919,277519.42051886616,100577.78578178259,1
181,18100,1,0.9681779352652155,0.9191185432354194,277444.2681260844,100469.68338931601,1
182,18200,1,0.9681779352652155,0.9191185432354194,277444.2681260844,100469.68338931601,1
183,18300,2,0.968069593020064,0.919012940010215,277413.22121433576,100458.13980478139,2
184,18400,1,0.9680573805762327,0.9188543957821239,277409.72157607984,100440.80919110075,1
185,18500,1,0.9680573805762327,0.9188543957821239,277409.72157607984,100440.80919110075,1
186,18600,1,0.9680573805762327,0.9188543957821239,277409.72157607984,100440.80919110075,1
187,18700,2,0.9679153914381512,0.9188543957821239,277369.03269951907,100440.80919110075,2
188,18800,3,0.9679153914381512,0.918652774073673,277369.03269951907,100418.76973888693,3
189,18900,4,0.9679153914381512,0.9175017663258029,277369.03269951907,100292.95203576447,4
190,19000,5,0.9678771164307358,0.9175017663258029,277358.06448692805,100292.95203576447,5
191,19100,7,0.9678771164307358,0.9174487121895102,277358.06448692805,100287.152639903,7
192,19200,4,0.9678771164307358,0.9174062949941164,277358.06448692805,100282.51597771961,4
193,19300,4,0.9676349884400701,0.9174062949941164,277288.67948989786,100282.51597771961,4
194,19400,6,0.9676233478790797,0.9168649213348394,277285.3437322784,100223.33793094514,6
195,19500,8,0.9676233478790797,0.9168649213348394,277285.3437322784,100223.33793094514,8
196,19600,3,0.9675862675549687,0.9168305455725881,277274.71787208255,100219.58028512777,3
197,19700,3,0.9675862675549687,0.9168305455725881,277274.71787208255,100219.58028512777,3
198,19800,6,0.9675116256844977,0.9168305455725881,277253.32825105306,100219.58028512777,6
199,19900,6,0.9673905528214998,0.9168305455725881,277218.6332113906,100219.58028512777,6
200,20000,3,0.9673446106093496,0.9167213706407545,277205.46785927727,100207.64627409502,3
201,20100,5,0.9673446106093496,0.9167213706407545,277205.46785927727,100207.64627409502,5
202,20200,4,0.9673446106093496,0.9164835751812417,277205.46785927727,100181.65263627266,4
203,20300,4,0.9673446106093496,0.9164835751812417,277205.46785927727,100181.65263627266,4
204,20400,2,0.9672030641271572,0.9164835751812417,277164.90583165066,100181.65263627266,2
205,20500,2,0.9672030641271572,0.9161116540612888,277164.90583165066,100140.99760059475,2
206,20600,4,0.9672030641271572,0.9161116540612888,277164.90583165066,100140.99760059475,4
207,20700,5,0.9672030641271572,0.9161116540612888,277164.90583165066,100140.99760059475,5
208,20800,5,0.9672030641271572,0.9161116540612888,277164.90583165066,100140.99760059475,5
209,20900,2,0.9671756474954804,0.9159227582276683,277157.04923108895,100120.34922532577,2
210,21000,3,0.9671756474954804,0.9159227582276683,277157.04923108895,100120.34922532577,3
211,21100,5,0.9671700502665731,0.9157828391768733,277155.44527067925,100105.05454670463,5
212,21200,2,0.9671285681013125,0.9157828391768733,277143.5580043393,100105.05454670463,2
213,21300,1,0.966958858508696,0.9151810892376447,277094.9254627346,100039.27671388994,1
214,21400,1,0.966958858508696,0.9151810892376447,277094.9254627346,100039.27671388994,1
215,21500,1,0.966958858508696,0.9151810892376447,277094.9254627346,100039.27671388994,1
216,21600,2,0.966958858508696,0.9139480957665888,277094.9254627346,99904.4970768455,2
217,21700,2,0.966958858508696,0.9138095131798599,277094.9254627346,99889.3484883262,2
218,21800,3,0.966958858508696,0.9138040103530736,277094.9254627346,99888.74696932841,3
219,21900,2,0.966958858508696,0.9137809282041729,277094.9254627346,99886.22383865167,2
220,22000,1,0.966708501843017,0.9126598750581796,277023.18242940394,99763.68050028743,1
221,22100,2,0.966708501843017,0.9126598750581796,277023.18242940394,99763.68050028743,2
222,22200,1,0.9664310496673124,0.9122391616038499,276943.67481719283,99717.69193018925,1
223,22300,1,0.9664308874592258,0.9122383970060836,276943.6283343076,99717.60835131243,1
224,22400,1,0.9664267374674238,0.9122326219344251,276942.43909894465,99716.97707298023,1
225,22500,1,0.9663962064922006,0.9122112294786874,276933.6900418061,99714.63864419896,1
226,22600,2,0.9663962064922006,0.91186002800431,276933.6900418061,99676.24849181193,2
227,22700,3,0.9663962064922006,0.91186002800431,276933.6900418061,99676.24849181193,3
228,22800,2,0.9663840137193164,0.91186002800431,276930.1960405217,99676.24849181193,2
229,22900,2,0.9663726600928202,0.9117885076615483,276926.94250779896,99668.43053813658,2
230,23000,2,0.9662313083296195,0.9114420652622935,276886.43627949,99630.56060457694,2
231,23100,2,0.9662313083296195,0.9114420652622935,276886.43627949,99630.56060457694,2
232,23200,2,0.9661907858780872,0.9113125247842023,276874.824031887,99616.40041717161,2
233,23300,1,0.9661159278399792,0.911262528297037,276853.3724651453,99610.93525571552,1
234,23400,2,0.9661159278399792,0.9111926036705406,276853.3724651453,99603.29173123554,2
235,23500,1,0.9660569130727606,0.9111336666118669,276836.46099845803,99596.84926778138,1
236,23600,1,0.9660569130727606,0.9111336666118669,276836.46099845803,99596.84926778138,1
237,23700,1,0.9659658186029522,0.9109956052253342,276810.35666620074,99581.75765212928,1
238,23800,1,0.965900309116402,0.910846742080111,276791.5840512823,99565.48528641652,1
239,23900,1,0.9658960602064346,0.9108410273706693,276790.3664696031,99564.86060633308,1
240,24000,1,0.9658344325440077,0.910748381189376,276772.70624303154,99554.73336804562,1
241,24100,1,0.9658344325440077,0.910748381189376,276772.70624303154,99554.73336804562,1
242,24200,2,0.9657618910276643,0.9106900193233702,276751.91850642074,99548.3537794248,2
243,24300,3,0.9657568367010384,0.9106705566073285,276750.4701218826,99546.22629224375,3
244,24400,2,0.9657568367010384,0.9106680808540811,276750.4701218826,99545.95566540596,2
245,24500,3,0.9657532958115103,0.9106639358855866,276749.45543287985,99545.50257513225,3
246,24600,1,0.9657206463303785,0.9105384068720307,276740.0992896882,99531.78088456149,1
247,24700,1,0.9657168757016968,0.9105363704996569,276739.01876587456,99531.55828684637,1
248,24800,1,0.9657168757016968,0.9105363704996569,276739.01876587456,99531.55828684637,1
249,24900,1,0.965711312386634,0.910528114790999,276737.42452392814,99530.65584782898,1
250,25000,3,0.9656715238226882,0.9105241413479775,276726.02258157684,99530.22150716066,3
251,25100,2,0.9656528459875042,0.9105174617085559,276720.67019941227,99529.49134970405,2
252,25200,2,0.9656528459875042,0.9105174617085559,276720.67019941227,99529.49134970405,2
253,25300,3,0.9656528459875042,0.9105174617085559,276720.67019941227,99529.49134970405,3
254,25400,4,0.9656528459875042,0.9105127112838993,276720.67019941227,99528.97207646698,4
255,25500,6,0.9656525857240972,0.9105120475224617,276720.59561747045,99528.89952010091,6
256,25600,8,0.9656525857240972,0.9105089058964885,276720.59561747045,99528.5561061102,8
257,25700,2,0.9656433707563458,0.9105005203257803,276717.95494586404,99527.63947175407,2
258,25800,7,0.9656433707563458,0.9105005203257803,276717.95494586404,99527.63947175407,7
259,25900,4,0.9656322627369698,0.9105005203257803,276714.77179512917,99527.63947175407,4
260,26000,2,0.9656321480739879,0.9104998589456763,276714.73893692624,99527.56717569375,2
261,26100,3,0.9656317825984025,0.9104917897281715,276714.6342050349,99526.68512219381,3
262,26200,4,0.9656317825984025,0.9104917897281715,276714.6342050349,99526.68512219381,4
263,26300,6,0.9656317384888923,0.9104903660401255,276714.6215648679,99526.52949755946,6
264,26400,2,0.9656300761246988,0.910488801802553,276714.14519229194,99526.3585093286,2
265,26500,1,0.9656195508437339,0.9104883134655802,276711.1290330016,99526.30512877024,1
266,26600,2,0.9656195508437339,0.9104876870027331,276711.1290330016,99526.23664954699,2
267,26700,1,0.965611542005241,0.9104743941410277,276708.8339937808,99524.7835947515,1
268,26800,1,0.965611542005241,0.9104743941410277,276708.8339937808,99524.7835947515,1
269,26900,1,0.9656008002108856,0.9104588988433278,276705.75578969787,99523.08978967553,1
270,27000,1,0.9656006415262587,0.9104586583421943,276705.71031650685,99523.06350027805,1
271,27100,2,0.9655968020359643,0.9104586583421943,276704.6100594819,99523.06350027805,2
272,27200,3,0.9655968020359643,0.9104433480787277,276704.6100594819,99521.38992146232,3
273,27300,3,0.9655951445899201,0.9104433480787277,276704.13509626704,99521.38992146232,3
274,27400,5,0.9655923554915244,0.9104417682501432,276703.3358430152,99521.21722896377,5
275,27500,5,0.965591798596147,0.9104417682501432,276703.17625723575,99521.21722896377,5
276,27600,6,0.9655916281527905,0.9104417682501432,276703.1274144244,99521.21722896377,6
277,27700,1,0.9655792449445614,0.9104250391766024,276699.57884135837,99519.38855872922,1
278,27800,1,0.9655792449445614,0.9104250391766024,276699.57884135837,99519.38855872922,1
279,27900,2,0.9655792449445614,0.9104159490612357,276699.57884135837,99518.39490995607,2
280,28000,2,0.9655759560279897,0.9104159490612357,276698.63635855855,99518.39490995607,2
281,28100,3,0.9655759560279897,0.9104159490612357,276698.63635855855,99518.39490995607,3
282,28200,6,0.965572354996128,0.910412726435369,276697.60443496995,99518.04264179339,6
283,28300,1,0.9655711355978864,0.9103905617315659,276697.25500018074,99515.61979787417,1
284,28400,1,0.9655711355978864,0.9103905617315659,276697.25500018074,99515.61979787417,1
285,28500,1,0.9655693186061935,0.9103865110110458,276696.7343170376,99515.17700993225,1
286,28600,1,0.9655662663677429,0.9103813330923561,276695.8596575022,99514.61100693383,1
287,28700,2,0.9655654270710172,0.9103790144201411,276695.6191458593,99514.35755076646,2
288,28800,4,0.9655607802681416,0.9103790144201411,276694.28754267364,99514.35755076646,4
289,28900,1,0.9655569125768143,0.9103628116083397,276693.17920426745,99512.58640668097,1
290,29000,1,0.9655568859930679,0.9103626842234624,276693.1715863413,99512.57248212426,1
291,29100,2,0.9655568859930679,0.9103615341656113,276693.1715863413,99512.4467682552,2
292,29200,2,0.9655519081904625,0.9103518631195414,276691.7451307793,99511.38961741887,2
293,29300,3,0.9655438828098435,0.9103480606916041,276689.44535119215,99510.97397056484,3
294,29400,3,0.9655438828098435,0.9103462393567604,276689.44535119215,99510.77487879759,3
295,29500,3,0.9655438828098435,0.910344476245338,276689.44535119215,99510.58215148543,3
296,29600,1,0.965538768877887,0.9103351492122774,276687.97988595354,99509.56260502382,1
297,29700,1,0.9655345618658111,0.9103289273220766,276686.7743106725,99508.88248455062,1
298,29800,1,0.9655345618658111,0.9103289273220766,276686.7743106725,99508.88248455062,1
299,29900,1,0.9655345618658111,0.9103289273220766,276686.7743106725,99508.88248455062,1
300,30000,3,0.9655325274470775,0.9103218557569924,276686.1913209182,99508.1094853436,3
301,30100,3,0.9655303402817139,0.9103196329352907,276685.5645595849,99507.86650668296,3
302,30200,4,0.9655303402817139,0.9103170892650293,276685.5645595849,99507.58845577463,4
303,30300,5,0.9655303402817139,0.9103170862532666,276685.5645595849,99507.5881265561,5
304,30400,6,0.9655300629598905,0.9103170111001593,276685.48508932686,99507.57991150164,6
305,30500,4,0.9655297981169157,0.9103170111001593,276685.40919504897,99507.57991150164,4
306,30600,4,0.9655297981169157,0.9103163454442712,276685.40919504897,99507.50714805146,4
307,30700,4,0.9655293499461456,0.910315464876844,276685.2807657522,99507.41089242561,4
308,30800,4,0.9655293499461456,0.910315464876844,276685.2807657522,99507.41089242561,4
309,30900,2,0.9655291944272615,0.910315464876844,276685.2361997469,99507.41089242561,2
310,31000,6,0.9655291944272615,0.9103148848459828,276685.2361997469,99507.34748872496,6
311,31100,6,0.9655291135471905,0.9103148848459828,276685.21302248654,99507.34748872496,6
312,31200,8,0.9655285131192972,0.9103148848459828,276685.04096188553,99507.34748872496,8
313,31300,4,0.9655284984484709,0.9103146182325627,276685.0367577651,99507.31834496967,4
314,31400,8,0.965528115524332,0.9103146182325627,276684.9270257586,99507.31834496967,8
315,31500,4,0.9655279044927447,0.9103146182325627,276684.86655184964,99507.31834496967,4
316,31600,4,0.9655268113692009,0.9103145102940561,276684.5533027551,99507.3065461134,4
317,31700,4,0.9655268113692009,0.9103145102940561,276684.5533027551,99507.3065461134,4
318,31800,4,0.9655268113692009,0.9103137897225783,276684.5533027551,99507.22777979019,4
319,31900,6,0.9655267740048721,0.9103135706534953,276684.5425955096,99507.20383314962,6
320,32000,6,0.9655267740048721,0.9103132477676659,276684.5425955096,99507.16853820613,6
321,32100,10,0.9655253410787844,0.9103132477676659,276684.1319714753,99507.16853820613,10
322,32200,12,0.965525276019942,0.9103132477676659,276684.1133279985,99507.16853820613,12
323,32300,14,0.9655250899995078,0.9103132477676659,276684.0600213682,99507.16853820613,14
324,32400,18,0.9655249106873316,0.9103132477676659,276684.0086370785,99507.16853820613,18
325,32500,19,0.9655246375959131,0.9103132477676659,276683.9303790993,99507.16853820613,19
326,32600,20,0.9655246248066278,0.9103132477676659,276683.9267141595,99507.16853820613,20
327,32700,22,0.9655242135748794,0.9103132477676659,276683.80887023086,99507.16853820613,22
328,32800,26,0.9655237530935271,0.9103132477676659,276683.67691317305,99507.16853820613,26
329,32900,1,0.965520910462151,0.9103090325494785,276682.8623193335,99506.70776887465,1
330,33000,1,0.96552090926521,0.9103090276428535,276682.86197633407,99506.70723252701,1
331,33100,2,0.9655208975589207,0.9103081010369798,276682.8586217412,99506.60594439672,2
332,33200,4,0.9655208390801745,0.9103054015021016,276682.8418638784,99506.31085578546,4
333,33300,7,0.9655207257423739,0.9103054015021016,276682.8093854238,99506.31085578546,7
334,33400,10,0.9655203558451343,0.9103054015021016,276682.7033864487,99506.31085578546,10
335,33500,15,0.9655203558451343,0.9103053690965462,276682.7033864487,99506.30731350475,15
336,33600,9,0.9655203360855866,0.9103007987478821,276682.6977240874,99505.80772453808,9
337,33700,2,0.9655169294170759,0.9103007987478821,276681.7214979028,99505.80772453808,2
338,33800,2,0.9655169294170759,0.9103007987478821,276681.7214979028,99505.80772453808,2
339,33900,2,0.9655169294170759,0.9103007987478821,276681.7214979028,99505.80772453808,2
340,34000,2,0.9655166516142241,0.9103003094511481,276681.6418897997,99505.75423906735,2
341,34100,3,0.9655165442553677,0.9103003094511481,276681.6111246911,99505.75423906735,3
342,34200,7,0.9655162803994186,0.9103001909158538,276681.5355132585,99505.74128186658,7
343,34300,4,0.9655160955766231,0.9103001909158538,276681.48254982755,99505.74128186658,4
344,34400,6,0.9655155434917606,0.9103000954172602,276681.3243425652,99505.73084282852,6
345,34500,10,0.9655155434917606,0.9103000954172602,276681.3243425652,99505.73084282852,10
346,34600,11,0.9655146232034887,0.9102996343758607,276681.0606217172,99505.68044597408,11
347,34700,13,0.9655146232034887,0.9102996343758607,276681.0606217172,99505.68044597408,13
348,34800,16,0.9655119101537332,0.910299565021868,276680.28316121496,99505.6728648261,16
349,34900,20,0.9655119101537332,0.910299565021868,276680.28316121496,99505.6728648261,20
350,35000,22,0.9655119101537332,0.910299565021868,276680.28316121496,99505.6728648261,22
351,35100,20,0.9655119101537332,0.910299565021868,276680.28316121496,99505.6728648261,20
352,35200,21,0.965511798110508,0.9102993893907125,276680.2510537382,99505.65366642486,21
353,35300,25,0.965511798110508,0.9102993893907125,276680.2510537382,99505.65366642486,25
354,35400,18,0.9655116758740332,0.9102993893907125,276680.2160252501,99505.65366642486,18
355,35500,1,0.9654922938237656,0.9102197754393088,276674.66184088436,99496.9509930322,1
356,35600,1,0.9654922938237656,0.9102197754393088,276674.66184088436,99496.9509930322,1
357,35700,1,0.9654922938237656,0.9102197754393088,276674.66184088436,99496.9509930322,1
358,35800,2,0.9654716621859463,0.9102197754393088,276668.749570581,99496.9509930322,2
359,35900,2,0.9654716573320737,0.910219517940445,276668.7481796393,99496.92284559734,2
360,36000,3,0.9654716573320737,0.910219517940445,276668.7481796393,99496.92284559734,3
361,36100,2,0.9654716573320737,0.9102179077134817,276668.7481796393,99496.74683022437,2
362,36200,4,0.9654716573320737,0.9102146674049556,276668.7481796393,99496.39262915413,4
363,36300,6,0.9654709854008661,0.9102146674049556,276668.55562881223,99496.39262915413,6
364,36400,4,0.9654709854008661,0.9102144777820051,276668.55562881223,99496.37190129705,4
365,36500,4,0.9654709854008661,0.9102113652640283,276668.55562881223,99496.0316691279,4
366,36600,5,0.9654709854008661,0.9102113652640283,276668.55562881223,99496.0316691279,5
367,36700,6,0.9654709838318,0.9102113652640283,276668.55517917546,99496.0316691279,6
368,36800,5,0.9654707201159252,0.910210754603739,276668.479607883,99495.96491729662,5
369,36900,5,0.9654707201159252,0.910210754603739,276668.479607883,99495.96491729662,5
370,37000,7,0.9654707201159252,0.910210754603739,276668.479607883,99495.96491729662,7
371,37100,7,0.9654707201159252,0.910210739760271,276668.479607883,99495.96329474365,7
372,37200,8,0.9654706467439875,0.910210739760271,276668.45858217817,99495.96329474365,8
373,37300,11,0.9654706464474475,0.910210739760271,276668.4584972007,99495.96329474365,11
374,37400,7,0.9654704612026254,0.9102101632941927,276668.40541283233,99495.90028071264,7
375,37500,7,0.9654704612026254,0.9102097075862005,276668.40541283233,99495.8504668578,7
376,37600,5,0.9654704612026254,0.9102030723476375,276668.40541283233,99495.12516289942,5
377,37700,6,0.9654704277504456,0.9102030723476375,276668.39582666516,99495.12516289942,6
378,37800,7,0.9654704277504456,0.9102030722790267,276668.39582666516,99495.12515539951,7
379,37900,8,0.9654704277504456,0.9102030722790267,276668.39582666516,99495.12515539951,8
380,38000,8,0.9654704277504456,0.9102030722790267,276668.39582666516,99495.12515539951,8
381,38100,10,0.9654703735338633,0.9102030232642625,276668.3802901822,99495.11979755107,10
382,38200,7,0.9654703524895114,0.9102029198824261,276668.3742596432,99495.10849678857,7
383,38300,8,0.9654703267041479,0.9102028388271091,276668.3668705042,99495.0996365582,8
384,38400,7,0.9654703267041479,0.9102011157600697,276668.3668705042,99494.91128653394,7
385,38500,8,0.9654703267041479,0.910201040644518,276668.3668705042,99494.90307558472,8
386,38600,10,0.9654703267041479,0.910201040644518,276668.3668705042,99494.90307558472,10
387,38700,9,0.9654703266247896,0.9102009580262922,276668.36684776307,99494.89404451135,9
388,38800,9,0.9654703266247896,0.9101967929743837,276668.36684776307,99494.43875890144,9
389,38900,10,0.9654703266247896,0.9101967929743837,276668.36684776307,99494.43875890144,10
390,39000,10,0.9654703265897405,0.9101967929743837,276668.3668377193,99494.43875890144,10
391,39100,14,0.9654703140488963,0.9101967929743837,276668.3632439735,99494.43875890144,14
392,39200,9,0.9654702962566433,0.9101967929743837,276668.3581453667,99494.43875890144,9
393,39300,10,0.9654702962566433,0.9101964501120883,276668.3581453667,99494.40128031228,10
394,39400,4,0.9654632268348988,0.9101952164119874,276666.3323085133,99494.2664234329,4
395,39500,6,0.9654632268348988,0.9101952164119874,276666.3323085133,99494.2664234329,6
396,39600,7,0.9654632268348988,0.9101952164119874,276666.3323085133,99494.2664234329,7
397,39700,8,0.9654632268348988,0.9101951551605464,276666.3323085133,99494.2597279822,8
398,39800,9,0.965463091622272,0.9101951551605464,276666.2935615361,99494.2597279822,9
399,39900,10,0.965463091622272,0.9101951263019005,276666.2935615361,99494.25657341738,10
400,40000,11,0.9654630914080912,0.9101951263019005,276666.2935001598,99494.25657341738,11
